0,1
6YX87639578537D,0.37
4RQ12578481053J,35.4
2DS35615142379C,1.2
5DG98783853149R,2.36
6TL87424290587L,3.9
2CG15479205640M,0.24
5MI17503293098G,1.64
10LT38882262598Q,2.9
9DG12017945528Y,7.67
9BB71218385038A,1.81
10OD57818576174M,0.78
9EN21705838310Q,15.09
10HV68699525208Z,447.91
10SO55529479938E,1.14
1UY99988115496W,11.13
3OB35915287851N,8.32
4DP79230565166R,32.64
8XB76584829115D,42.58
10TC52557647378J,16.72
9QA73561375619Q,3.16
2YJ13060377870Z,6.09
1ZV68217703910Y,4.97
7UI86399152671N,24.03
7NJ80148957966H,14.25
4EX30371760759I,11.65
6FY82551363568B,10.21
5RQ37652507562Q,0.45
2GS55289964768T,3.21
4ZT23274659474R,46.98
10CJ75739259300L,0.52
3LX36135773883K,1.11
3PV59838098006F,3.21
8WE83858329899J,12.27
2OG86503939991X,0.81
3LH38902604243H,2.11
3SD84165389689K,7.46
1RU69363915794G,9.63
9MF38310372355F,2.86
1QJ74661681415Y,4.95
5EC16756557643G,1.12
2HW22784704592E,131.21
5MZ36579729040E,0.75
1ZE48092510400K,54.13
1LI42225007355C,1.92
1ND11428801930Q,36.88
7TW92788796837I,189.71
10DG77058073922H,2.4
7ZV82796398332K,2.19
3PN47687881623Z,6.68
6YS86175420678A,0.63
10KV67557837991N,0.5
7OI34426730729G,41.9
4WC86291013787C,1.55
2GS42340470239W,1.76
8RX85342792371J,0.87
8WV81451019554K,4.6
6QH97738970120B,2.99
8JS21843758225K,4.2
2TA21064631610V,14.46
3WH74950359379X,0.92
5JM67362793951O,24.55
3YJ23490831579K,0.33
5XP69515458447B,444.68
1NA79155713572M,74.0
5JB99721755118N,20.46
3XD56214823697Q,216.74
1ZJ54169792849I,1.65
1KI96991272952T,8.68
2HU52351758839N,15.16
3WS85918919112W,4.61
1CL74946491008S,9.0
1UP81651084094Y,5.48
9AA39223488064Y,10.39
1DX23728240475N,14.23
2MF76141576485X,38.52
2IQ35346367174K,24.8
7WU60244402701C,5.44
7GN13026670588Z,40.83
9TZ23479641614Z,3.19
4OG78064693833D,2.18
4UB72695153306L,6.74
8AS20911315742X,38.32
9AL56248871057U,20.61
10OX73987779947E,7.37
2XV79843106330G,1.52
7LK73983263016O,5.11
7KD85134404062H,58.53
9RW19498940631I,3.24
1WX30120195736A,16.67
3GV82320369198C,27.26
2AX84712524036K,12.98
1KL19010952510G,25.8
4XQ96417369914M,2.52
10AV66120893967D,17.52
8YF15352670117O,1.57
9ID46310053154Y,3.18
6HC94645851935B,20.88
2QH79678989311U,3.94
9QI56525864689R,3.85
9WN11189994910D,79.6
2UZ79442411649Z,28.15
8JN15866067410F,108.77
4QW97665868775D,185.24
3JS74809920912W,0.7
9MO91675773088E,112.63
3KK70419915448C,2.96
10WK67036373158U,449.73
5NI33382712808S,38.29
5IL98932259092E,87.16
1UZ62471649914V,0.0
9SA74368468754Y,42.34
10BR91634745498A,3.91
10NX81171331267E,1.05
4ZS86199242686T,6.17
6MJ22182674343Y,2.71
5EO20171480490D,64.96
5HZ10921184453M,19.1
4DY38977319465K,92.45
2WI90777323098C,31.81
4OE31417397873S,18.92
7VT60163076115C,32.89
10FH43083322621G,43.86
6VY21047714566J,2.06
2FP59325596665G,3.46
9GO51948370176J,0.06
9SK30592460683P,2.33
6IA88708372101D,0.12
3EE79689697877X,54.39
1UM68719027435Y,33.46
9VN68569164776N,12.66
7CC72416903889T,1.46
3WT93903404336A,1006.25
1BM79827909398I,1.95
6KU96759927647H,8.57
8NF86288999040S,52.09
2IE60492379137W,49.78
2GA21874269574R,24.59
9PP25927671851I,20.74
5AO59145932672Y,10.4
10AC80299606208E,10.17
1AY20017425833U,6.86
4DM60881996799F,34.19
1RP17331562853F,30.32
4ZY53728131801S,27.22
8JH46095852967T,3.14
1MP56242357023I,20.09
10SJ83368805910Q,40.64
2FX76660603807W,0.22
4NW55116783360R,13.95
6VT71566352402R,9.68
9YR65749851931O,4.33
2EW96796935095R,44.63
2DR62480285896V,22.91
5NL31703657999Q,3.57
1WN10784658063S,1.12
10DV45202770566P,41.09
8IV85428115248W,93.27
7FB27104500509B,9.5
10HH87500576461I,2.48
2BG10066475388P,11.77
6JD38404016813Z,6.42
10UQ90372584898W,0.97
6CN16596035437P,15.18
4DC58256141146S,12.33
10RP50888643240K,54.48
9VC38051428214H,66.58
3HM26155333184B,0.14
10YB36468431387S,26.04
7OQ53183371788O,32.75
4KP88989031162X,68.23
3BO27109322796E,11.36
9ZG72938324674F,9.75
6FE48568886969F,8.27
6DC55992318892J,22.12
1FZ63005015682S,99.64
8PW78852457550Q,0.12
1DG12469563879Y,7.4
8CK74255383240I,0.77
2PX44122204467K,1.11
9PA81034644119Z,0.94
8TT33399211377L,418.48
3NQ92029249965G,2.26
6CF48387294346E,30.38
5DF31887517488J,17.1
7LL75615476811U,18.83
4GE32532793591K,23.88
2AO36783855679F,64.54
8NV93665124831B,2.47
6MB47296006945J,2.36
3PY43699471606C,244.5
9VT53576899358N,157.75
9AS96987174106S,0.61
9GZ24587577813I,1.28
9GX19714386839Z,19.85
8RR24022655059I,16.56
2JR61743522520R,97.66
4BE58474298543N,1.39
8WD79313473088W,3.87
2ZD22906771392E,3.24
2SH47766946026S,2.02
5VG56199631861S,24.76
6ZD95507837814U,7.29
6OU39840668713Q,3.39
3TT72048734548M,663.6
7RU20077014259I,3.12
6WE97176344271X,14.76
2ZD49743873661Q,24.16
7ND29748760915D,29.23
6UY71770594768B,19.86
5SO56186251803X,1.06
4EG24981146927F,69.18
5XM14733439762O,1.28
7GF97475713424N,18.98
1LS78852467242K,0.26
1PG52613597520N,53.3
9DD82317978673E,4.59
3YW32968439163L,4.82
5PR74484801473T,184.55
1SA45362742351N,5.92
2PW62323617505I,116.61
9KM91784002691U,4.92
3DJ57009377605N,1.25
7NG44764769451S,51.75
7EX12903298930I,29.06
7GN51216801186L,9.06
1RZ24895302286J,11.59
4YV87040515232K,0.63
5KR34482105206K,5.96
1PM10580964790J,1.35
3KB80519329662S,34.44
7ZS57490373290S,11.13
7VU17712397758D,8.53
6WC39786352832S,6.1
6IC46744902093P,4.93
5YD72158611057Q,2.18
6MR12746707475Q,2.17
4SO35894529695D,23.51
7KE10266759468B,38.05
10ZO94134488839H,138.57
3RW43822621255X,18.65
10KP39274303501L,179.81
3MC21239828999G,6.15
1DG43142081066S,75.31
1DX75613163835C,2.32
2DX63131168287B,1.19
5BL26931789600U,0.94
2YV96590590227R,5.67
5DO92978320930S,3.9
6XA82861113951C,12.03
3CE12293456735Y,2.1
4PZ69986405913K,49.03
2QC78360464407W,4.76
6AE60180205852L,50.64
5KZ63815779056R,0.08
4WM41002849520I,2.66
8XO27812393552T,3.84
4UG74956265999G,90.01
2TF56438974121M,86.69
1QV22738395929Q,8.07
4KM79645637645G,11.53
5YB96384631005C,245.55
10CN16902223499B,0.36
5UD65460482937F,47.82
7QK95691810653V,41.26
10HO89153741480X,43.46
6ZE99638833600H,16.98
10UZ27817692540M,0.98
9EI16349626244J,0.89
4BW15305456261X,0.33
4SF93920413470G,7.07
7JU66273466496I,11.76
9OG99042981892T,11.17
6YN13135032921V,74.53
8QE75178217616X,0.53
2EL98229991369K,2.2
1SR39042498256D,3.14
8BI98087930496P,6.38
4YB38128453650C,39.38
10VT22662961989J,232.04
1HY79055437399W,2.66
8RT56656046317G,0.71
2ZT98979005436Z,3.32
2JN15911313883H,4.64
3HT61360914024K,0.56
1VS81180360299M,22.55
9OA58335453035B,11.01
7SS95949148905K,257.75
5PK44058379998R,2.28
6JV85578557166O,3.34
2XJ28878957564F,145.85
8FB91133725320N,2.64
2HQ54449481960P,1.24
4OX10780362436E,133.0
1SJ43294476936V,9.96
2XX26400374106I,12.17
5RS56230732343G,18.56
8IK30837280741U,0.62
6WA39792038899Y,3.37
8GJ85935494861S,10.05
8NS74432833816F,17.25
2TF41945287051M,10.03
4JR31640290820X,38.29
5MK73613863100X,2.16
1QX23211496295Y,1.81
4HF10167164489Z,6.37
2HI43775709023T,10.74
4JM71554231625F,18.04
3MX93226621813W,0.9
7ZC99959796277O,28.77
4KL62010359570E,485.26
1QI35051462150W,25.04
5HM32622901063M,4.08
4WN49756527962Q,2.68
8WS27172374898N,0.17
5CN72993651768E,2.32
1CS53070734333C,916.21
8AK72603777054N,5.52
2LM35189624147Y,17.37
5FB97072930273L,322.9
9SU49478967435Q,3.92
10ZC43065005021U,5.01
2BO11094074823A,1.79
9HK10907439690H,24.43
9MB76105660359M,36.89
7QZ89121608491Q,27.98
6ZG59627196037L,0.5
7LF15271447185F,4.43
6LS92194221137Y,0.43
1JG72793125350M,1.8
10OZ30156472074X,85.71
1RQ35754921225V,0.31
4YR70522995884W,45.49
3YH98132112318V,35.81
1WV25431993334V,284.95
3JN43721917121S,47.25
7MP51188124505Q,64.57
2GP53556282126K,165.22
6PG20505795074Z,87.86
2SR48606759108W,107.17
9CY35772845291B,18.73
3VJ36325232346B,21.38
6ES67973471990O,116.1
9DO87250535693M,30.79
6KC92520795122Z,35.98
10PW99364623525P,3.81
5JY15765890830O,15.56
2DE75519569205H,61.58
7WG76577333937Y,28.45
5JX26982669002E,11.2
3ZF86072589752O,322.7
9FK68163541224C,196.1
2MW77818435122A,350.66
5DX29352156033Y,743.26
9HP43839551454X,0.79
8PV63511530161R,3.07
7ML90882707148M,36.94
5XS19677106526E,5.33
5CJ96717561901W,1.05
7KE69783218610K,288.03
5RY90090540769H,1212.47
8KS26517709314C,4.58
1QM64243915178T,7.94
5HJ14023923751I,84.37
10YB61879871020B,5.52
7BX38854828797O,3.41
1FI96191977903C,3.28
7PE23220935041B,16.7
7NO83216572676S,0.06
5PF32169909164L,0.77
4BW89335777366E,8.62
4EU38556974254A,22.23
10YH57488169711O,5.42
8DA46746728540M,6.52
9BV64650972537K,81.4
10TY80636662411G,1.01
10HJ34293324873B,2.11
7BY59143046562A,27.86
9RX68754485507W,2.7
4ZQ76000188719F,2.84
10LL20818695336N,31.4
3PN88177387872Y,27.83
9TM59825927353L,90.98
1YH65099569447R,54.98
10YC49144994558D,32.76
9ZT74947671637O,1.25
10DF60590887543B,11.59
6QG51896122335N,22.23
5LQ53625741247K,4.0
2FD44641695614Y,7.62
2RG33787078027M,20.71
7KG69723412758N,104.13
9JE75657240045B,6.95
4NT38711784473J,0.32
5LW83868521873V,0.42
2XI53899070174G,54.98
3EZ65052043593V,107.53
5CC47752573344Y,57.74
10FL95705091449E,143.88
3VJ40713554294M,7.82
9AG20399823497A,23.67
8YE32821942352L,1971.45
5UR26032507555U,182.03
10AB19558711231O,5.2
3TH43937352234I,65.89
5EL52656490633K,17.17
2KL80381000977A,9.55
9UR21791095964Z,1.65
7QN33963589814V,35.42
2PK85794541064A,4.38
2YI26939360409Z,6.62
10GW79008630815Y,232.18
7LM93207657323G,0.29
5MN64555967772R,0.52
6VZ19735420464X,81.49
9BG82968117255K,24.14
1PF19178015651G,39.06
6LA99867609688H,83.57
6DU86734402111H,40.5
5CT36161347642R,2.82
8KM41991437617S,2.78
5QM97175418660R,430.92
5ED39661072345R,3.88
10GD19911234584S,0.57
3EU90151679719Y,80.39
7IU31557430329B,0.58
6NS18203475014M,788.29
10BW37368879060T,39.77
3LZ56514353421I,11.77
1QE30365213694K,50.87
9YQ22293228914P,74.95
9NH85686094569X,2.79
9JL12920182667Q,2.36
1MW73051000580S,24.18
5EB48533141396G,0.38
3JM68264621359B,69.07
4TM28752650025L,42.55
8VL54253347840W,102.35
1ZA20117064655V,20.53
1IV63198806548Z,78.23
4WU54818024030K,10.13
5NK47100495006H,3.28
7ON23191242447I,21.5
3FX82623080853K,3.93
4SM22748271435L,75.26
4CB79829236208I,12.44
4KO13033705945E,112.4
7LI86731901476N,0.98
10DO28120868593U,1.23
1LK84688644615P,10.74
1GG60094220550N,1.82
3NC27960165456Y,19.76
7OS12051403734H,0.77
2WU22506877415Z,6.93
4VA19212141134F,3.59
10EK66524451763I,1.28
5BZ33306620844B,2.65
7HY60581146865U,2.3
4VT86038148711N,17.54
1KV99272348967N,31.85
8AA95843257546X,18.56
5DG74910434097B,75.11
5RD72031990487Y,8.23
1GA12946031066X,740.92
10DJ61077328409T,97.78
1AU76058220419P,3.67
8BD25591855407A,33.29
1LI60261626587A,37.13
8BA30850011478P,42.68
4SQ42576767837Q,0.78
8PB33763774713K,5.51
1PT36262953579J,0.43
6HG89464170002Y,0.26
2MN60321562032S,3.61
5GR89800437392L,47.75
4IS75092036985Q,9.74
8RK98889483604P,11.06
4MY47499678028U,2.02
10VU73245169842O,3.38
8SL81316346294V,42.51
6QE46546840520K,68.6
10ZR59092498926S,12.96
10GW28051820095N,40.49
5LB46353448952Y,62.89
8FO85012015607Q,5.03
1BX83609760495E,20.56
10FH38637925900D,97.87
7GL44377271191A,50.35
1YT32494466695P,9.81
9DL16878484686F,3.3
4IE84831173504Z,5.54
10VM24683933161F,10.75
2AU71653355149D,33.35
9MY96647923114V,84.9
3BT62334082815F,6.03
9UK30914679809E,1.0
9YO43433874311D,175.82
2YX78998155154U,3.32
2GK20509696869I,8.65
1HR77474180149T,0.27
4WQ14192642628F,22.47
3WV29645059120Y,0.57
6XZ57663178663R,80.89
9FS80387448458H,11.58
9LR68391939151C,2.46
3EP88056767027O,51.16
8BT33706800931U,20.02
4LK86403194031T,2.32
1DC49210121121D,0.95
2PU39890786924U,16.67
4AY82909976856K,25.85
6DA33015870619B,3.85
7US97277476387D,14.49
1OQ73050333416V,30.41
10BP58916381940I,4.28
2LC62693278459R,25.92
2MB29133789118M,40.41
8BS72659334632H,13.69
10UN89355827811K,19.42
8OA45793748518T,5.94
5DU82325618799X,33.34
10FV45203685151L,7.03
4TR55928649430B,0.83
4GI91490658992A,50.96
9ED11837304901E,0.85
2VB51985471495P,7.43
5NP79987677673Y,2.29
10DN66141533423Z,11.03
3NB23816554579O,1.1
2OI61338998124Y,1.15
3EQ36756212635V,13.89
4WK48727666895W,31.08
1DE53073789922H,18.91
10YG30355631349J,2.93
10NM88619966523F,14.62
9II96814973297I,2.79
9UE20605816592V,0.5
9GT58420380193R,32.5
4YG89467575750G,0.1
1YY53808675709J,66.77
7SE63787711426K,15.06
4QA58432050864P,19.33
10NE65472638316W,0.81
10BU42796086657L,3.17
9IU60821800065P,2.78
7HQ39709266895C,1.87
6JS61098939978S,89.9
5MJ38598936899M,0.01
8FZ24379059001V,17.78
8QQ16105307603X,0.56
7MW36386029999I,0.8
9WC81379483812B,141.4
2SJ81746887118J,4.2
5YB11946171318E,0.5
10QF80389628711V,34.12
6DK14128691278J,8.52
10DO92920761610C,0.94
10US60361138182U,40.03
8RA80870496379P,1.8
10KW78568716770Q,1.76
8NY84931933084S,17.78
2RU19040366988G,5.26
9WT69728555555R,0.24
8EB96439086409J,2.32
4ZZ83426314412W,0.3
6WZ82122191099T,361.53
7TN22543362168Y,10.99
8NM59170775818Z,0.57
4TH27218724477E,18.34
7XB42848247802G,177.77
9WI38532377916E,21.53
8KT95467110510G,386.87
6DZ90263268931R,3.21
1PH27696390365U,47.34
9WG73682080384S,134.32
6GE82891679465S,3.46
5JC50879652098W,3.43
9RW60645091503N,390.51
8FO96345566982W,43.02
3AZ41053064569B,38.56
6NM47413081457R,16.4
9VW71124410570I,26.99
9WH93844467609G,13.21
7DK21464913896J,27.87
8NC33644409205M,131.54
5SB25581748909P,38.35
10YD72608336689H,5.89
6NY77570350278X,0.77
3EW65495275951G,0.41
3PL72988189016P,9.32
1BX25667281868N,88.48
10DY67444417313K,108.68
5UE35969548977W,2.75
9QE10277209867J,51.43
6MK26796807500E,22.64
9GR66694487548E,2.32
3FM76219542555A,4.46
3VS56013880201K,0.2
10TL71903384351P,24.42
10PA62492008035H,10.61
6CH13199710520O,589.75
7SS16098964303Q,11.0
4RR17957784142L,29.27
4ZR18517564735X,9.78
3OI65861843208H,27.88
6PC67632069505R,113.77
9GT89363373678O,416.96
3RX38429793743Y,43.58
5EE54765898798I,45.53
9WP26318105763N,13.88
4FW87497967119G,40.56
2GT20373841721M,54.39
2WI86383747735B,44.57
8QA49487153687C,468.03
2VC53454341562J,76.47
9FK26457691372R,3.51
4QU65226663719S,13.13
10FC45124020723E,2.21
6KB52253078638S,2.72
5ZQ60092724650M,28.07
6MP26663261659L,2.53
7DZ62599712552N,5.21
7AB10753557956N,13.6
5YA64647972771Q,6.7
10PH84705743635F,12.92
5XI30528295963L,358.72
1YE96012650822B,17.17
8DV69235771206U,280.35
7CR56091822678E,157.08
8WG53396241230B,1.79
10EX66184826556P,13.98
3XE94315820753T,23.75
10GK50959168717S,4.15
3FQ30300839966K,53.27
2HH39283861958Y,19.81
6MX43634861027S,21.78
6SG83005337214C,5.8
1DJ99609868635P,2.03
10CL58028443111A,68.78
2VT34740083537G,5.25
5GQ73547877236B,0.07
9KI71002471996M,1.21
5OK94699228354S,3.32
6HD95352062769A,27.33
9GN90779668897O,0.29
5NZ61100159486A,13.8
3UB68250013601O,87.8
7YY80259210470Y,1.57
4NS98868724048I,0.89
1VC60826050101N,12.51
7QC64659570981S,54.43
1SE89430481151T,2.63
10RJ90824127570I,0.06
8SN59269635393L,36.99
1EX59897637558J,4.93
3TQ88749558119M,2.27
6WT97059563327M,32.59
2GY24495366647A,1.11
9YK57968746945K,1.05
10AQ34992079924W,1.47
4ZK54356726435S,4.13
9BU67374443202T,2.86
7KG55275523899Y,5.24
8PB47226305724X,5.0
4CA43373874989Q,4.04
9NE94786733977S,7.77
6IM68762347645H,9.6
5EH93937232679T,23.82
6SE10630196052I,3.05
9ZS38102356275T,14.13
1AM73381948713X,0.8
8ZZ64836704840M,40.89
9MO13037000737K,43.15
4RV97861775951R,137.68
6KB85883738888Y,2.77
6YQ46834864481W,21.96
2VI59544175311R,83.76
9YK40549720141P,18.15
3TM12936792486K,0.87
1WR65226980066E,18.33
3DG67905837391L,1.83
8DM32527972870Q,0.48
6AZ88636423761R,217.87
4XO19111254180Y,9.49
1BM79138840728A,14.54
10TX82022826768M,22.0
3WW22045388737R,13.33
1KH39405305524Q,269.39
6IF51226197594Y,17.12
7KJ35731099903Q,16.36
5DC32428354540Z,71.52
2JZ86899452285M,4.82
9QK59641019262A,10.45
4JP39082468418H,1.63
6PF64688919020X,0.42
10HS76932481281N,36.2
3IN68529878108H,1.41
4KN56210043362V,1.32
1WO89078341632W,15.16
7QX79342461041F,9.17
8PT34295516171H,5.76
9YX97160866251V,6.12
4WX43845062140E,13.8
8MK96066692044R,39.74
3RO78627603035W,3.13
4IG97560728292T,69.46
5SU61769620482R,40.34
1LE26015025462C,29.48
10KB51720718938V,3.49
4ZD88730499033W,99.49
7UN23515444252Q,45.98
9PF37841618743V,5.61
2RV83473719245V,59.63
3VC50065605154K,2.89
6OQ87267014884A,2.82
8YE15926636364S,7.15
6HA54323029399E,203.9
10ZO54932214270P,81.6
9UH69363033756H,79.07
3GD98469158608L,2.41
2UI66754062400I,308.58
3KI59231462359I,0.97
9PD61497274358X,12.47
10TH75356617946U,6.36
5TK96639417200M,0.64
5AA98539971671P,4.07
7ID41351811486X,1.1
1QK63828313418J,2.89
10DM66898022780B,0.59
1VW17007070074C,24.48
2JX46836298441O,0.79
1JU67367335173S,8.19
1ML89295257739O,7.31
5YV57889079462A,3.48
3GA63764917291F,7.42
1SW49581445603M,8.77
5OE12415791415O,9.77
3FW81910398820N,160.81
5KD29736226916Q,0.62
3VN69655179928T,0.64
2YJ45137807581W,0.42
10VI78533646003S,21.63
2ZY89468991941A,9.37
1RA94882815865C,16.46
10PN47506847308A,22.47
4AS74713727418E,10.81
10DY41234835184T,1.5
3UY57139370467I,1.82
4OA42138903588I,1.26
3GJ48142266816E,74.43
1YU31771581727I,3.01
10KT54788604325Z,94.34
6CP49602095368T,1.25
6EG55056885387M,4.39
7SL74897392460G,6.92
1JT75336845400N,14.48
5OI38798119857Y,8.04
8JO79380369596X,6.2
7KW69231837425R,1.97
8KI99727543461R,6.58
8SW68295274948Z,44.05
8FG81617082674R,2.51
7WQ37591803301K,30.6
3VS22902593744X,6.15
6ED30461267540G,12.79
1NY59251632483R,1.18
2NM48205804400U,88.2
7XF34777047182Y,39.45
1AS55365459909W,79.43
3UH76527961722H,18.04
5WO72950212070Y,21.97
7QR30939318040Z,2.4
5ZY91418282013T,197.41
8QP20368813540P,0.32
8ME67242624468H,2.83
1UI37229136403H,4.1
1YU21358057891D,6.97
7UE52728834126J,11.87
2BM79422931104G,23.03
5TY63898902470Y,3.65
1GT51973111863S,4.23
7WL75803022198Z,534.48
9PF69991038751X,21.31
2OQ95031460602W,103.38
6RB40064339997Y,67.15
10OU22777016168D,9.92
7VE66942792209N,13.73
9YB77735577129M,0.28
9CW51180548079X,5.85
7ER14589658799V,63.69
9AT57826174158F,7.36
8JH28223001647X,4.52
10JF53094234333M,16.18
2IV96373904805F,6.69
6AP73265137718P,10.26
5YW80546707849M,1.5
7JR63759848688Y,3.2
9FH28585043282B,8.53
2AO57210497605F,3.4
8WX90993674574U,8.65
2KP97103955740I,1.2
7ZY18955711107U,1.21
7QA26761437272M,40.23
10HR76322895924G,95.85
4NA91594996085Z,40.27
3TE70662538013A,1.19
9RD55207469114F,3.12
2NL91108307352K,55.13
3AY77104583130G,32.81
7MX27031891146Q,13.87
4UE87020272771V,29.37
2TQ81125927787H,31.33
10EN19709245682Q,0.23
3FW54374927885V,37.21
5NW85998607054Z,1.88
1DJ49672163595R,2.4
3LJ76382922793M,71.76
5YC50411609091Q,0.94
1QK40706183327M,0.81
3LL95825493745B,18.42
7JU96802696751P,42.83
2RG38057287237Z,10.95
1ZS58606306039I,185.42
10LN51914804188E,2.85
7JA36741220617Y,0.81
6KM70190929100R,432.63
7LX34752061955U,3.32
8WO15908236687D,66.0
9JZ32855148984I,16.81
7WL79516383980X,6.08
8QG13256485624L,23.2
4LG19550724492Q,3.52
6MH91815515451X,17.8
10GU13847681578Q,4.58
8HE13836087699F,168.4
10DZ33560530676D,4.01
6SR41985590017A,1.57
10DV26439598788A,27.22
2UN31442292990T,182.8
8SM59345750528P,29.11
8LL34174018176F,3.68
5BT41917306348I,216.98
8YF58613594761Q,0.68
7FW44459189359Y,6.19
3AN24872124836B,1.22
1SJ45703072239M,63.04
10UB64929721437G,3.95
7XI60064971393P,1.06
2ER36644278501R,1.36
9AG15894910244E,120.21
4OI18025062652P,852.44
8FF53739377056O,38.75
10JB97474572672V,4.61
7NS21975762259D,18.75
3AH36159346398A,10.35
1XM22361425967S,20.53
9CP33203420428B,17.99
1RX97644869676E,8.23
2RR61361588797U,1.98
5JU24532288289N,4.68
6IY17545729934F,38.76
1LS17099228642S,8.5
2WT67435571817J,22.93
7QJ19304491233Z,51.98
6RA89310784239W,5.4
5YD53691633507K,11.68
6SM57125296361V,3.33
5ZW72178670445F,58.35
5XG18397331262F,70.94
2AQ32127476967D,5.16
7LK54814777459A,3.55
5AP15844578594U,6.07
5AR15448636213C,72.0
9FX41555768085G,22.0
5KD10629758392U,11.72
4TF96639654996A,16.2
6RO50662784916J,1.67
7HA90066732277I,1.79
2SU81807875175J,2.3
9ZR29029514595C,54.82
2TY14456659263L,9.18
1MI72273631663D,0.67
6SW18900754850K,41.83
7AI27168499103W,117.07
10GG50684718116M,1.55
3CJ15089372008H,0.97
3VH75831334216V,2.12
9UA22442080797E,0.94
10YY36815959665O,10.92
8TG23079824142K,85.59
10QG63107530938E,41.59
5EH62819522594Y,6.07
8TI91933182898L,1.08
3IO14767961021B,38.78
1ZW73802649560V,277.39
7TX56759490025E,3.17
4TH99348245369Z,1.12
4WW73292321662T,5.12
6RS86132341320A,11.58
10LH92268883346C,18.31
6JV23926855999H,7.04
4IH81454070264U,9.09
6JI31037744904V,9.12
2EU97181128453P,1.22
1NI35167473073N,1.07
10LH12604295773X,3.99
5VI26893397512F,82.73
3VD41851372098G,65.54
3EH93231391894E,2.65
7ZH25181786977S,35.62
9CB98182544796K,16.78
1OT15169807043H,90.83
1EY84787225289L,1.09
7PZ17177408603L,217.04
7EH11825823651H,26.49
9TX40060516351G,4.52
9PV30456211911X,0.11
10SL53214179041M,33.48
3VI75004350811L,0.38
6KU96483987497I,1.76
10TB21766526518O,0.99
10DG94550567453G,0.96
6QY56499069044S,1.66
10VD19601828185J,28.54
8TN31938591067U,19.91
5KS21397887143G,4.57
1IR15651258344D,6.1
9AQ15063041283F,168.86
8HZ23661219842A,0.87
4YF22528047561G,1.01
10JE10758784406F,1.25
7BJ56598320908Q,1.69
8JN23724562919O,1.39
2KR32694684559J,1.54
10OX58663201085V,10.24
3KF37721704016G,17.58
7ZV12516291151S,44.62
8QS22391165681V,35.37
1YH38996350427P,10.16
5XD31884146483N,44.83
1TB12674976815P,1.14
3JK70607129213W,164.87
4BC19486054706Z,18.28
10IL81728767566S,28.81
2CY92902459750M,0.64
4CR73546091837Q,5.66
9PX21969441320Q,0.4
6OG90975920154M,8.13
4BE78765443388E,15.97
4XY42989815165I,8.09
9MX54178659963S,0.81
5YT69893090523V,2.18
3EP10746930685N,1.49
10DO92747978835I,1.97
9KR85029628206F,1.24
4HD91716500201R,13.23
4WE87176234401Y,13.1
5IQ33426830222P,30.8
2VW80853625017J,0.67
4PK54930186163Y,4.25
6EZ37740793187E,99.56
4ZU15429924523U,2.54
4UF30887646961H,729.05
7UT50258368488I,9.53
7SL25259309603C,0.45
6UK62878593891N,38.12
4VP68526024000H,211.41
6CG15477439224Y,95.17
4FJ23670711258B,8.08
4QI40929186023S,36.69
3UB27480291247I,9.29
10YJ89725952055Y,8.81
3DM67594803361R,5.36
7SE37786476102K,14.27
5NM63741281154L,22.5
3LI33613892772U,3.85
6QV18480037097F,1.09
7BP58962162507U,118.35
5NY47123304591K,36.07
6RS97380536896Z,5.28
10HR92578286319A,17.42
6QC10563483462P,54.2
9XL54931183654M,0.58
4JV27367774376M,7.41
8SE41589392109E,0.65
2LA40425076336C,7.18
9FE11126866941G,76.31
7SH57634882953K,19.21
2RM39610484187K,0.31
3WI68598522568W,4.17
6LJ59859294343I,0.46
6WI91488623435N,0.79
4YB49902418017M,0.54
6AH32605719143U,2.48
4WT32373742106H,454.19
1NU20923381438M,9.28
7LH64601102776D,1256.01
8HP54326662815A,9.72
1EZ34038062234M,286.44
7CE81788778099E,35.37
8KA64385296745Q,8.39
5PD78516786360W,0.02
1PH31651760580J,86.62
3KR56595467497P,50.55
7ST33767765812E,0.37
1ZC35052490650R,0.08
7VA59944088534A,5.06
5UT98641861576E,3.86
6DX81321742881J,206.68
8LB64218456519W,334.69
8KK34373125590Y,4.2
6RK29309415884H,696.15
1HM42461337480J,1.98
4PW35542064579L,101.12
1OR24220471585Y,2.68
5QM70942184856H,99.29
6EX86115315135K,0.12
6TU27854847617A,16.67
9UO86594933985X,1.77
1CH48783617953Z,43.0
5RX85625157259F,5.56
8FT78242860410F,390.85
2YY35815938438M,31.54
2DZ98601816793J,0.65
2GZ12342623632V,0.23
3ND62561213680Z,15.82
4QI80650277291A,6.97
8GG52254727055C,94.35
6PM94028938751G,5.64
3BJ49748242416C,23.48
3EJ38857059854D,1.55
9VL86807697127I,117.34
5KT56764840626N,6.65
7EC82427015856J,2.81
9BI45708019229R,2.84
3IK23796280806S,39.49
3TU53563420673V,4.18
7QX89986731518L,0.2
6ZW92251470918Z,4.32
9IF26114152005B,0.34
8VJ67494488114D,231.76
2FC62006228666B,92.38
2WA95257617973U,6.27
9DA88469554438D,67.21
3OB83998007479A,0.07
8YM29566350177S,14.09
2DH12772554019N,253.52
4OP51429536513M,34.99
1XH21899078347A,44.05
6ER38682070366W,12.53
6KS89714362360D,18.17
6ZU73906326236C,35.63
7UI85261392537Y,27.17
8YN51680782312C,4.74
7WQ97631910498V,25.02
10XR64444601793W,31.12
7PY24541894531Q,14.17
3LP52203175034Z,57.79
4FO11166047180K,9.31
9JF54356190942H,12.86
1BI90801975543O,0.21
1FK96110567160J,28.51
1YC36943971195X,31.69
5UZ52774278180Z,12.83
10LZ90162796290T,35.26
8QI19087638812P,8.85
1WC56423426220S,18.56
5NP22691409368B,62.67
6LX58469203249H,76.9
9GO84491798730R,54.38
5RK34954621726G,9.22
5DV94472692171O,412.45
4ZA33567731226L,67.73
5XX16010149722J,2.16
7SN67670170559L,3.55
8VT24801090603Y,330.64
1KI52714920524V,6.33
6AH90421613352X,3.51
5ZO44880007441M,366.33
1PZ33755893827T,177.56
1TE22420242955B,8.72
3CZ51242307983M,13.3
9RL73857632618S,5.35
8US63421706423I,4.49
9RK63542220877Z,317.96
4TQ33031549933B,74.3
1LG67651323538H,20.78
5DK59591734894G,19.63
9UA77086400547O,1.28
2AA80688898884B,1206.58
7QE61093712672D,38.62
4CJ13427835734C,35.42
5DU70927053262Q,20.18
7JU85761856169W,3.74
7WT24548344192M,4.58
2EX73255849438B,16.29
7WC92325088504I,38.5
7XE92016677427B,0.61
3KA12100345703V,4.27
3EC84077138734A,0.59
1PO37580954423V,24.71
9GY18322316067H,26.05
1RO50567482486H,1.55
7BD67618212927H,1.38
8WL44492593859N,3.39
5OA88193936948I,4.25
5KB53432294032P,2.16
9WO11448177697R,27.48
5YC71886376586R,6.31
6AD59954436363B,64.45
6FR59671302182S,0.76
1CY61637225902B,1.64
9AN70530732460Y,55.62
2LM63053572125L,5.7
2TO51097079131I,2.68
7RH90902438732C,1.91
4CF29361505496Q,374.27
2OE31099193643H,941.98
2BG46134322584G,39.28
9XN69692177254H,446.26
2ZA18304562423H,24.69
8RU37475484405T,8.58
5GS96285746604D,5.21
4WY31786594704O,0.35
5FS82230365895M,6.62
5TF52422198397C,8.92
6NI82529616260M,0.21
3WC73174273770X,44.22
3JU10766945430A,3.06
1RR78352699298W,9.24
1ED40248828633A,8.92
2JP12438354680L,2.63
7ZZ76861107085W,3.03
1DT17589874146V,0.44
3QD60692378362O,15.46
10JI68615863417G,1.65
1VN44232150123H,84.58
10QS87779494289Y,43.2
7FF36935081433S,11.51
7VF21340898023F,2.73
9CC97054392395S,736.75
4TI27850433582R,1.03
10XF68446136270E,219.03
6QM89798945814H,89.78
7QZ37637585661I,134.13
10UV91265503659O,118.56
8CT80125722211E,13.06
6SS87280291435A,47.72
6ER53310904834R,23.51
8AY80654049975D,4822.48
10CO26613758752S,88.08
7SY33125227407X,151.54
8NZ78708254310G,4.94
5YA88394027939K,0.1
3JH65125379583H,0.28
10UB86192003279N,23.75
3KD17646816761Y,2.57
5PX41832480263W,4.19
3RP67728916179P,3.58
9GH88120426088Q,21.77
3HW48106225865K,25.55
8UU15599436893P,0.27
4MD58679118595M,42.65
4QX81784703377K,7.66
8RJ49279289095V,28.64
5IB79870745483R,23.46
1AB28686735340P,46.66
9RQ12730836530A,600.0
4KK81007598304P,19.21
7XT92297614089W,104.08
7TM39385853482R,203.02
1XA99462431918K,9.14
6GE30790986173N,12.39
4KP81981288825R,70.61
5QC98756640084W,82.3
8GN76307442898C,1.15
1NV24915050927D,71.76
7MG91530023923D,12.43
1LS51070528634O,8.01
5BM29378520293W,127.28
3PG61643062904C,9.48
7QT32082609212R,8.02
2YQ35658735128P,6.44
2UU87292782110S,41.93
1OB55584392727B,33.86
2KK71136010836I,104.6
6FQ49777213297U,94.57
2JI29207884605A,25.62
10OC82506385970Z,0.72
1RJ62441664017N,10.06
8IU90164364133Q,9.24
5PO81004911381A,35.7
3FL83371977202Y,0.64
10NC47647480592A,19.19
7IN69517211289B,585.33
1VZ98865734143C,9.74
1CW76427228295Y,19.91
1IS12631102156S,57.7
1DY89497728167F,5.58
1EU99720230472Q,7.33
2ER24023428185W,4.26
9AS26676270129F,19.32
8FW68476346338C,32.65
9DZ56565080744X,41.81
3QK18061673440F,1.1
8WS79787178212O,10.01
2MR82059043513J,170.59
10HO73201619706S,4.79
4FP39087196290E,152.96
7HH85648125669Y,5.55
1YX10186952749P,1.38
10UO45064045032O,115.67
8ON60624070423R,11.4
8ML72982873386X,198.89
3EX60744997534Z,552.91
2NZ43276159412U,36.5
3AB89823939295W,42.32
2EN27693009349R,134.76
1JU14156419134Q,8.52
3ML27676742363E,38.9
9NO29691280425C,3.65
3VR91507932010G,111.89
4GE14644519241Y,20.23
7DS32224072064W,28.15
2BS95688773311Z,19.51
6GL85743068361B,2.04
8MF90578126809Y,114.87
1TJ59702511087U,20.64
5YR36037184735T,1.17
5FJ49905519070G,1.41
6HA26978687787U,39.89
5FX64039894710T,101.19
2CC67165451279Z,2226.1
2WV57427527373L,0.86
9UE82817372112K,0.24
7SO71575058586N,69.13
3SZ50328490955N,9.86
6KO87049744676M,1.06
8IV19488379356I,36.08
8AF37655992536N,0.96
4WS21621525431K,6.73
6UU60530825569E,5.85
10IN44765720354Q,0.67
2KG72259461921M,0.18
10NL31855676287C,50.09
2ET31390802284R,873.18
1DQ97029909395I,4.8
10DM77417211955V,41.71
9ZO92987850825U,57.69
1EY62731208297F,5.3
4NP71684734883C,1267.0
7BP26747256435Y,83.41
8XW94040648199M,4.13
2PV64580241331R,3.15
1JX31858369811M,17.85
5DY31760699428R,14.57
9HI59098807615E,5.67
5YN17768637628O,96.84
5QM89529165721Z,45.39
6VX77526982609H,1.68
8HV85267826023O,0.12
9SK10059729636Z,16.05
9LO88243938344V,2.5
6DQ43779120871B,15.25
5JO94785519914T,7.37
2NP44441425101P,4.56
7TT39292910202D,337.93
6CI19983157558W,2.4
9WC96902517820D,3.05
7KZ29342828894P,1720.78
7LA74736730412P,1.46
4TS51378643287A,1782.29
4OS43813270191J,245.61
4IE74054038075G,74.22
1HI21541496799K,20.12
8XT45154280825F,6.11
7MJ37507478388D,605.93
10VV59240642961G,212.34
10MK96512656991X,43.66
10EX58602675940D,6.95
9PF18869168407F,0.52
2FN94120335118A,0.76
10MW74374547227C,85.79
8WH14404046379U,47.88
6WP21016283280M,1.56
9UD52231615714K,1.03
7VL76267478235K,1.48
1XJ12480500359H,51.45
7DV23803310469X,0.74
1RM79564618424Y,4.78
2QB16747808749H,1.12
10UC99196139619M,9.77
8HE18617610667Y,15.92
3BV98676575805K,28.43
9GK27790086203V,18.88
8OA95844827957A,549.67
7VK38386571716X,21.14
7MG27525543360M,2.89
7BM54323452241J,1.11
6PN94368940191J,108.71
6SB93035251113Z,4.81
10AG33977186962U,3.84
8AO20078989829U,2.84
6EP13752808938G,2.08
5SU72573832736N,1.48
9NM14034486345M,3.01
4FY53004293416X,3.1
2ZL55355641641N,0.69
10IL17433966861C,4.05
1UO16889985553Z,2.93
9ZV16735225157I,27.71
1VI10776866795W,116.52
2EZ68256954545S,0.4
6BK53932557908V,0.79
1LH68540153610A,56.32
3QF38689076196M,19.27
4FE91787322595X,24.06
8PT10512629266X,24.24
7RI87888333553O,1.44
10NR78871097578O,14.66
8MC72639234237I,573.3
2JY35921443439C,9.68
8XX69641362536P,1.23
7LZ46789324843Z,1.0
2QW15745931770X,38.4
6KO56864165731R,18.22
1XP69957628198I,26.83
4DP34416342510Q,42.05
1CW89653743862Y,0.65
1KS52869503330S,685.84
10LE49021895272O,17.51
9YU79546850011R,3.97
1NI38100440199L,0.7
6PL81916706929C,18.0
2NF13713951105J,9.45
8IC75284250147O,1.46
10TV21188193595L,1.43
1JN80549940987W,22.53
7JQ33491380894T,74.27
3LV40209736797G,22.74
4IY32276320102O,56.03
9GS74208394505L,380.32
3BM43437123363A,59.1
3AU21029286134V,2.18
3VA83172593076T,4.29
3NM63409561293F,20.86
1YN18609486453L,12.99
1YR89399412664E,9.99
4HN45587382854O,126.95
7EK86329283894A,0.41
1OV42637000791P,107.05
9MF78119439883S,5.16
2OD99537148747G,2.23
10SY90189633148K,28.33
2FI14896004963J,27.34
4KW89472124794B,14.83
6CU14186447558U,18.72
9EO32256255385F,47.63
3XL82605162524Z,9.09
6NQ51022181020M,13.92
2EM49020758282G,2.93
1GN92957904696W,29.05
7ZQ67220912358F,6.92
9YZ24022888073D,1.37
4ML79697583127X,9.68
10YH37862017219J,12.59
6PW95692100476N,26.34
8SR52096525165Y,35.3
9XY64322925728B,60.54
3UC57160552803P,3.0
1EI70948596770M,319.41
6AV45875307309A,12.05
5IE46650885302X,109.84
2AA42941300913G,8.42
6UE73851789849I,4.36
3SE33501636611Z,13.35
9OB67566764352N,5.82
2QF89273251605S,184.57
8WF44876817101M,0.96
4BI15525135654P,13.22
9EN51218519855T,1.01
1UR70141023666L,6.66
8ZW88664029133W,0.98
1IV22087616346C,2.98
1WN68485897053X,287.7
8JR12986608175P,2.84
5RD92537423084T,18.91
7YJ38081447529L,77.85
3LS57709587257Y,0.75
2RG96931651412D,5.83
6JN76482665232O,28.78
7QE48185619629M,173.05
9HI60399171655K,8.69
7NZ95114015540P,11.16
4SH30228552729L,22.75
5UF63015780968X,2.65
1AF48336397393I,63.74
7LB46625752535U,3.11
5OL48878400974A,130.88
7FG51527978729K,537.09
1SN78264344412Z,126.37
4DN30748885166T,3.66
8SD66894541709D,27.72
2XP48864140384L,13.74
8PD88730474147V,5.06
9XK84287015550T,0.67
8RK77972574827M,0.68
1ZG24050685369A,15.88
3RV92646139694Y,112.54
9QW39061067248Y,208.28
6RM29912450048B,0.68
5KC25052666076Y,2.01
4VT15081729811N,0.5
9GX86952275736Z,0.85
3DW70824647701W,83.16
3ER79893941868S,4.07
10WQ75445564921W,100.54
3AP31270404357V,171.95
5IJ70130422632K,31.24
1CF42523359419N,214.09
9NC71996044944L,2.27
8JZ92932105275D,12.12
1FL73121272138J,209.2
6GI82655870754H,1.6
2ON92596872150Q,26.67
9YZ52134618271A,8.54
10EX38455987655B,28.78
6IV72397557136E,7.02
7ZB90667552249Q,12.38
7UI64445011397B,34.53
7YN38153047796U,36.39
4IE40257050306Q,75.32
3UM20221263472F,28.13
5BY59839667043T,2.16
2KF50481290204X,0.62
3GX30625200595C,95.93
5HT43692663167X,36.53
7DS18348080876D,50.06
1FL44652748324V,60.53
2WU53267800115U,17.05
8TV18971319332D,1.93
5PA16072725364M,0.15
5EW36375561789Q,100.24
6XZ12605366010N,0.56
3BN67646018827R,0.51
2UR20465578156G,97.74
1EG67688139682E,83.01
5TG22733229362B,123.81
2PB93510976587M,3.07
5IB53187397830J,15.97
2KA63655101808B,12.13
2QT34945215703I,147.33
6TY22973260890L,6.28
4SS16853309932G,2.51
5AA14034848476F,2.18
4YL29686614121F,38.37
10UH90201429912W,26.69
8XX86378185845Q,1.19
3TM24534226423I,1.98
1SK80664289244F,3.47
4SR76340337739L,2.1
4YU43880059964W,14.43
5II99210749723T,16.61
4CQ37592931098N,3.64
9WR72980896345P,484.92
9TZ39617000900U,1.47
8HL42899727326S,25.56
10WG13304865188X,114.91
7UW13917902812F,13.15
3YG76421492561D,253.47
5ZK33188053972P,1007.11
9MF61644019001B,5.04
10BA88575095507Q,0.39
4FX98499707561X,0.27
9AM51059299557D,45.11
5PT25119359855Y,6.08
3SL19578522537I,1.67
8RQ65319751997X,47.51
3GM53496941918W,10.95
7EO94886034962Z,0.49
7HS71365580642U,162.51
8US66902798484U,11.54
3DG66012264643S,3.0
7JU55438483442E,18.91
2TJ32950155336X,8.32
1JL96152958970W,46.2
6AN77968372291Z,160.42
8GD86453380932T,2.32
5IK81134967258A,89.78
2WO89297338442C,40.95
10LX74000960617L,24.95
4HP12916176095W,7.59
10TW43139181472X,3.99
2UO58014308537V,16.05
7TN24115023341H,10.66
9KD80906383146Z,6.64
6MF86176948658V,523.53
10IM10003893476Z,6.94
5UE68314942670Y,49.89
7MW71380660318D,590.0
6GJ75357389228J,41.99
6US93498388296P,60.29
7WT30850004924P,8.03
1FB10387721635K,1.96
5AL83500767593I,0.83
9SP29716418527M,0.0
1NL88709939455R,0.96
1VL89030280166B,0.0
6DT75807099969M,2.99
7EU64211529329O,2.32
3XW51371754320O,16.36
9PE63400957424J,21.97
10PM41602458762L,0.15
10LZ39158065316F,16.93
9WG48971760672A,18.72
9ZR17439074067V,4.73
4TY55979461949D,15.56
2SP68925843229P,3.1
3MW17661139071I,1117.94
5EJ96971664833Y,14.95
1YC78469992640O,22.22
1EO53208305058Q,28.83
1VZ76872435114W,7.63
8RQ79992041875G,10.2
3VJ89505991689S,43.66
4JR75569856307J,13.1
3CR90826695933T,56.54
6ZH59997211164K,1.51
1LZ71996111835C,26.88
3JB30133038694S,37.27
9GJ92848698907G,54.33
4GY93005319664L,1.4
10NH15409963966Y,0.24
3OE39450001364P,16.57
10MX16607915518K,0.13
6AO58648694603L,10.32
1EY96711332989E,2.07
9OG28125083998F,27.88
3CE77705672107H,7.23
8JV95056563039J,98.38
6NC25144980108U,5.93
8CV13212740398E,4.52
5MK30740984843R,37.04
7VC39800226792W,14.36
4UZ10063710417Y,11.75
1BO59373334036T,9.75
7NG50049059014P,14.03
9ZP25300261688M,47.93
6ER92813463201O,22.27
6OJ68595865342M,0.78
1NI71928103155X,0.63
10AT89080487284S,40.9
4NF62884921968K,82.34
5XU40713935362F,23.87
9EB80689002907D,18.8
1VQ85624052442E,1.63
3BJ60018531467L,11.49
5AZ81880596510O,1.98
8FV24932593426I,1.79
3TN77072542004Q,41.16
4VV23305648670O,66.46
8MI34915551742O,0.3
5PT25728054626U,137.16
10PO12268059548X,96.38
2NU53624467599P,188.07
1PB97341258453M,86.79
4IL54821095222G,46.64
1QC78533087597D,0.35
6ZS40510410836G,1.82
10WA36607783292C,2690.32
7OY13140251524B,0.68
9BR66246958359T,106.44
3XD69075997658D,1.51
8SN13915618953F,386.23
1ZP28896264361L,39.46
6VJ74411086134J,28.35
6EE83218026603L,576.06
1JN38205197645I,12.61
6XG91527494705I,0.49
7EO33911165062I,2.85
9MG65493105630G,22.45
6TT73995321557S,9.35
3MR76872148282C,10.93
4EA58012301721X,28.45
5CI24707263584Z,8.06
7PB47884320096R,15.49
1BF28284551308G,1.34
1KM40225642648J,7.18
3KY26874564258E,10.21
7AI25956858087U,6.53
3GQ37764394723O,74.97
1ZD50994394279Q,11.88
3ON31336697199K,325.74
1LS20326723627E,2.6
3ZE71453411785M,0.67
10ZG22912691709X,8.15
6WG18161712494A,162.73
8IC68903931008L,6.66
6NQ80204507457A,6.06
6DC56652776590H,12.62
2XQ24079944818B,179.54
10ZX66473793827Z,460.09
10PB27660167807H,0.32
5OM46192671692T,15.03
10ZA17117866375T,0.06
2IY40257575152D,4.12
8JS30309729935U,30.1
6TY38168204409J,13.67
7SN54241495455Y,89.83
5HS57289121083S,24.22
3UZ70054773927Z,6.03
7LO80306179719N,25.19
3WN30225637500I,37.23
10IU66626910995W,2.41
1SY43742140078Z,42.97
4OZ55953495023J,35.72
5TO95731897753M,14.89
9IP11504432438E,23.97
9UT23175909484Q,63.37
7EK72915050665Y,5.17
2LY62549334493W,34.89
6FP28711624027X,11.03
8HU21790684423H,1.97
1IR18372436845G,6.69
1VF92629209616M,2.2
6YZ12164466247S,264.58
6GX29324285260M,114.22
1GU11285650297B,0.96
1HD18452634876G,1.58
9PF65340228137W,37.14
3WP25169418646U,35.53
6NM99727360410Z,4.53
6DA47644899536V,927.18
1EX44303460189E,50.64
4ES55588789987Q,0.33
6YF43910757280X,4.65
5DZ21144667790B,1.13
8IL34596369174M,97.17
10UO68143362297A,3.32
6HE16535783096N,2.29
5XC42019557972M,73.08
3JS59570525695Z,56.44
1UM16895443677V,3.2
2AI40812123918R,44.94
3XG95402303276B,3.9
8RN89889436248X,1.17
6YZ52782842566Z,2.42
3EC96883892765M,0.42
6TY42803426856V,189.93
6XW99165455179W,10.65
2DL97254600555I,95.87
5MU53521209372S,2.9
6MU17932063427T,9.55
9PO19258933981S,46.05
3IZ66600901391E,3.38
7ZC98689961408S,7.24
4RD65994133068C,0.21
9NJ71013673635G,0.06
4TG92687776689L,0.52
6DD50280345948E,33.18
1QX64745766698B,4.94
4VA17657555446E,1.83
6BA47173238595O,121.29
1FJ13887174614S,8.52
3GM95860798918O,84.97
3SD30416331756R,1283.1
3VC22372118703X,2.03
8PK99707902022P,0.88
3JL31152977724C,117.52
6VB28232237346O,123.93
9WX47855092796F,23.81
4QA78592806312F,32.05
2DW89869783735L,7.91
7UU78630802324D,231.86
6XA69222401985A,8.34
5JN60254047772J,45.93
5RQ34359089196W,41.25
8NS52125898830W,22.97
5WF22302855737G,4.19
2SG46754584670X,1.54
8WM21811589946X,2.93
8NG37626881958E,73.21
6MI93926343170P,15.41
3CZ90465909182N,79.1
10QN72190804772X,119.88
5IK23381622859O,57.75
5NL82356264423L,0.81
8EP40694202749Z,4.99
5ZB42610059227I,8.35
10GP10322129620R,1.52
8EV46597250051Y,27.43
6UG46953072173N,12.11
9EI13646680744C,58.04
9ZD93719186792J,0.54
6PA76915090155Y,105.85
2GI80139233533A,30.64
2OV90027408685S,21.97
10SV81265250161C,113.14
7LA71789871992Q,26.8
4PH88534651917L,18.88
4RO39700742129G,636.8
3KP85317855840O,15.42
3KK94852178661P,6.49
1XU88594750360X,18.46
4XX94350789780F,15.33
6OJ18282842640U,12.53
7RV80252398978H,24.76
6SQ14045572791Y,0.91
4OI12258718743X,22.25
2LJ78279822416F,22.01
3LX91181905200I,11.48
4OK72235777993V,15.03
7SI78403237146C,14.71
6FR95045222647O,4.88
2VV20242005932Z,42.44
10HS41266820340G,20.76
6EG86011790718X,76.0
4LB82980141790E,110.03
5TR88741674164L,33.53
9US47656544609I,1.45
4BE54592303131T,41.76
8RH81082007292G,95.08
7UW41543531174M,1.1
7QI65287027610M,800.0
4TD38085830934J,17.96
3FN17718388745C,6.96
1PE46932658199A,1.8
1RF14472946601J,1.02
5AE41285515524J,201.9
7SF79869718161R,23.24
1VM13314630703V,665.51
8LR40911936072K,0.92
10VH22729625030A,157.21
3BB25170648195D,82.16
8ZJ60461839188P,88.24
3HE29069302143I,20.88
3RI77625900068X,95.98
10TJ57904043149N,92.14
6YE11690124236W,1.93
10OA28833898142W,0.3
8OI57321912561X,9.58
5RV31524111878E,2.72
10SQ64244199915B,63.4
7MI94196185472L,181.56
9CY96297198955O,34.78
3LB99500320639Y,4.96
5MY75950595835G,6.16
4TR69708907813G,9.5
3ZI57340993284P,3.17
6MD28073583671B,8.71
8CN76206078214V,0.48
7ZD32882381562W,221.18
5BB45786330017A,6.89
4XW50850308878L,112.41
2JP41527157119H,0.37
4NL93669893458Z,45.33
3SC87860877487O,14.19
1JX53937547749S,13.51
5IR52613633574L,2.45
5TH22873111787K,10.44
9JW26286466552X,37.2
8LL44774653868V,70.14
10EP58628119953M,4.53
1DS92137431940Q,18.14
9CL70354663937H,23.66
3UY91771181741N,71.82
4QC14918091848C,41.7
7YP24494620650F,118.89
4NE91702359357D,1.79
9JD99487181108S,4.68
9XA20530151997M,27.22
7EI24814110546H,0.84
2XG77527504480H,676.61
5CJ26717580333S,1191.3
4ES86862886922H,588.72
10NM72748277452K,51.81
3WV61574034293F,1.41
9EX64992174769I,1.5
5QC18294141817I,32.16
1RZ49795101609Y,34.54
1OS30531905438D,6.77
5YI66867625556U,10.67
4QA95435705369U,10.34
6YQ90107202044S,25.56
7EK78153180891G,9.7
7QY39039905571N,11.23
5PP60039213464K,0.4
5CL64673700700C,4.26
6PM61889408528T,2.67
8GA10022138513M,2.74
4DA21077975761U,0.6
3UI84068364147T,0.42
2BE85669145389W,0.32
6EP14669642791C,5.91
3LY91014490475U,2.17
1LP84281555030A,0.59
3HC29486587893Y,8.04
10XO36661657344Y,28.01
7OU72547536976G,237.7
9KB73508266887Q,29.77
7LY98363935392U,0.54
4JK66138803312F,90.65
6SJ87976241785T,271.7
7QE39678451746O,0.47
2KP28082990473K,40.73
7JZ13254045003U,5.85
6RP14581470749K,116.06
6CO29286828237A,38.81
5XH88804481520O,438.04
6ZT77063763236K,27.12
4FH44620862714B,4.54
8AW95063458766E,1.08
8OY35632183515J,583.28
9FD12978282735V,194.04
5DT21252574343A,10.15
5PZ51854647494Z,0.88
2IL53086679416N,10.0
10ZZ30908038682D,0.76
4AK59437101793S,15.85
7PW21071235291U,68.88
2PG68614792349N,139.71
2EU51687135218C,988.83
1NC74408570575Z,9.95
9UV22306887244S,34.58
1DZ63240681685D,600.3
10IM87639623046G,3.51
10OY75345772680W,28.13
2WQ36685431075T,64.32
10OA61727074810W,1.48
10VX31462808193X,114.78
1VC35022819251I,54.2
8KD23523839717D,184.28
6VT56312144173Q,51.18
8LJ55376311760J,274.96
5UD17613082251M,215.65
5ID72696331673N,1.51
1DW27798059277O,0.32
6JG96420014821L,119.57
7OG94538518159K,382.54
3UJ59382777592P,64.85
4SX54171620424N,17.36
2XR15282484138P,14.45
5EU69878970480X,2963.56
9HM38879650728D,93.14
6GW96587153067Z,13.73
5HM21036738034X,4.75
8EH64382477574M,1.73
6WM22436398674U,17.96
9WC13891450846I,12.35
9ZR34488057517P,1.67
1MN72116486959O,11.91
1DZ90436647160I,581.9
1IK12685323192Q,14.98
8OW27739703686F,40.17
6AL67950317288S,3.5
9IV77925483807Z,588.69
2NT40229178037E,86.53
7BV66754970584X,266.31
3LQ24910003651O,206.25
3NY71670296485N,4.89
9SR32233950110H,16.39
7QK39957438321S,12.07
9WH51565966429B,3.79
9GX96617222062G,11.08
2US61446817545Q,23.57
7BV44150147692G,32.09
7RT82422453838B,7.17
8RX93825241862T,4.86
3EJ15921769588I,6.82
8ND16862913369W,28.67
1IX36160580691H,33.23
1DM98602582566S,1.73
5DL56128298245U,507.04
1KR94724731689L,0.34
8FI57134731044V,10.41
8MS41863689939B,0.64
2GO20022850742M,550.37
9XC39759021539I,2.79
5AF57400342246N,242.51
6EJ69882323547U,172.05
6UN18922593698W,38.35
3JU77434437372C,4.91
1DG20462042980V,9.62
7GO79149988798E,3.68
1BB62650532913H,41.27
4EJ77262061207J,2917.97
3PA66435811659C,22.41
9DF50754768406Q,0.14
10WY87420500516F,11.55
1GC95030029144V,3.29
2CP56163408643S,4.49
10ZK45551795302W,33.76
5TG39596857696Y,32.69
4XQ89964137497F,0.25
10QG65879020400Y,21.78
9DK97263394124H,3.93
4TU26434271193H,25.69
4PJ94354013928W,168.72
8LR34118311390J,310.17
9PI47638446511T,341.78
3KT67937446520Q,1126.13
2SR80936642273Y,67.13
9BB57388447465E,60.55
9KC57920252113U,0.11
10QZ41751855527T,0.12
1VL76462142375H,5.44
6HR64355952272B,1.9
4FF82480291062P,20.62
9VF75388893417K,11.4
10OH27336485685U,6.28
2PW73548396567L,398.22
1KD92766951898M,0.88
10VD28317969001S,91.55
6IU43118191143T,0.92
6BK14832992726O,10.53
10BZ88453351757M,13.63
10YB88794724075Q,6.19
10QZ77307619623H,0.11
2KZ73142519125L,16.0
8UY70767220106W,12.75
10VY78738363642L,45.31
2DP29927257888Z,2869.46
8PN18149777387C,16.62
5QI69420528022X,0.65
6JF70818646143K,3.85
9BR14500697947E,0.67
6GB66647441685U,15.64
8AU39589577268W,15.59
3KR72644459994X,2.99
2PT85398656859S,35.52
1EE32687139121P,3.82
4MT51810222934Z,0.18
9ZO92163103174P,86.74
10QO68181828084P,18.47
4VR91452676206J,0.65
7GP67205374035W,2.16
3FP15153437380N,15.25
7WW51169491588Q,302.33
7TK88021030691C,0.04
2NN40310484035L,143.94
6PC95500680119U,14.55
2NM22719767628X,422.28
2MD87385098319L,2.66
7IM92775867192A,16.98
7RI67412276193U,0.62
8ZW98806921762P,277.56
3ZW92435095721R,103.11
4QJ75880683900U,20.07
3KS85558589552M,1.07
6WH24588674437W,7.04
10BG98143019561X,846.53
6DT29714553995M,68.18
7ZI76669160669M,21.53
1IT85511238592U,7.98
7WE61400063404H,10.76
10QM12605708405P,36.1
6WC31896741487B,5.37
5ZB19593374439C,152.41
2CX62015318206Q,14.63
6KD78323245393R,46.2
1MU91685156405Y,6.06
10WV22389756553D,21.23
2QW95826775403E,3.0
6VI23414461180I,42.53
3ES43270016955B,4.02
10JO34857060933Z,2.83
8CZ27800871983Y,20.42
9SZ80577398771W,4.27
2OW66891035142B,35.29
10JE24014313806I,3.06
4UQ60393666987L,3.93
2AW49169680252Z,34.29
9AG56764469778L,6.53
2YC26673236038B,23.79
8SC32728358934J,55.52
6LE52254721790O,363.74
8AO10510438231M,1.5
1EO65771714770T,9.2
1NR57843819290K,45.83
1XO64175545254N,2.32
3SE43953223322T,2.06
8PQ89367390757T,1.36
7VR41730313931U,2.72
3LB21677688603C,15.98
10BZ44984188590M,16.99
2RM37072800512J,13.39
10CP43821330127J,12.81
5RJ29699721898Q,4.1
2PW23322810482M,11.84
10FL98950593990Z,0.32
3GK66057641029S,22.23
7NM98199960355G,21.39
3BY54390398671N,0.57
4ZG24520276524T,25.15
3YU59063570848D,2.74
1DK21127553856C,8.89
6BS18336617060G,156.2
4KS96528539003M,0.45
8CX96145210773F,35.05
3JE91252982284Q,17.83
10LA92565810333A,76.4
6YF69166685742Q,1.11
9ZG80426051674H,4.03
1FS38412646015L,3.05
1VB54114202246P,2.83
9GO64393999822U,44.38
5BI18634849503U,19.16
4CR22203454643L,31.26
1QE98113087887A,9.25
1QX79257160105W,10.23
6UN79853316431Q,0.9
1QM33294014505B,1.67
5WS77353087164J,13.19
8TM86822024379Z,3.13
1OE35165723690R,24.99
3OL18772379150G,1.45
9DC46580785165S,4.58
10SY43074360613U,11.48
10MR70554288457V,6.48
9BK63076032775Y,389.09
10FN86644879074Z,7.64
7UZ87338449292R,9.58
10NV44871530613Q,0.25
10BL79740810323N,37.0
4YY87347321530N,10.59
3DE78395889502Z,186.74
2RS30821722122V,23.6
2VG34233226271X,38.45
6TL51977343654A,18.14
3IC68863239836R,7.58
4ZP98916911423B,10.34
6NE54986606157X,5.57
8CJ22726613752I,14.95
3BD29627308901E,3.38
3BW78870638369O,19.66
8ZM21089903314A,6.79
8DT29148880507E,7.02
2BM46640385038Y,58.6
8IP90775184386R,7.76
7CN97142700321E,4.76
4YK31900124577N,1.44
4SC26978682386H,0.86
3PS11822452596A,1.21
1GE23341027219Z,24.95
7IQ33498947155J,56.25
8RY15263572899S,30.84
10ML53473019455Y,8.85
7YF80129683118K,38.29
2BW72588247197T,23.76
4QH28706729052N,6.9
6IQ33306593536A,11.05
1FK82811696218V,12.05
10OA11073198319Y,0.08
4AW82011022671Z,8.27
2RO84703877203Y,1.87
2HB62355016259E,30.48
8YA48239963913E,1.38
10GQ79728560106Z,2.07
3ZP38189853409O,480.06
9LT11974620404B,14.2
2LZ94792726658U,1.65
1NJ33418974570X,16.43
2IR29447741598M,13.77
8MT85352456241Z,4.2
3ED46642654095F,34.55
4OA41820818878H,0.63
9DG23493075330F,0.63
6XA83246869111W,0.7
9KW53793924949S,13.6
2BR16641771980P,65.22
4JU16885071181L,4.3
10AN43344536396Z,2.05
1LN57464610921F,1204.56
4YS15224985603O,9.05
3DF63922683358Z,3.33
3XD41021101122U,0.11
6HP29462721938F,3.54
8SW92035786958L,0.59
8GG89488669920I,18.59
4TA15690886022D,2.36
3JQ88762180131R,0.82
2LI85473857741M,19.67
5BL36769127695Y,1.04
2ZH30261364166V,19.65
3KU15077986996G,2.29
2OH29704895682L,4.51
6PT12996920677Z,9.35
8PI98842647313I,1.2
8KI21970223903C,5.82
7JT47622468822I,16.45
4VU29727820523E,3.48
10HY40144611345V,68.15
10LW41165063591O,0.85
4IE44233641715A,0.49
4ZS93131308181F,0.76
10YV93930203716R,1.8
8QB57582441590M,2.46
2TV18584916038U,1.22
1GV18919295192C,47.88
1YE65414192713T,4.4
1MO68549632684N,0.01
5WS48192301678F,34.28
7AH63296431450R,2.83
6SV89130481613L,21.05
5YX98726649908F,7.52
1GS42565579059S,11.82
2ZF48439052925F,1.07
10AL57772903855H,1.18
9GK13615009291F,5.14
7KT80612580300A,4.84
6ZQ81565121476F,1.06
9AC70961559011D,14.06
7YL20979932781B,297.5
1QX52560740545S,2.69
7OK19838458920L,91.05
3IV54557371657A,18.25
8QY95232237792U,14.26
6HR36563570074M,1.66
1QE13406000916U,9.03
4IU79240124146P,0.84
9LY73184392954A,24.72
10LY19614516307B,1.8
10GB31658519414Q,20.99
3EW26854031345N,19.8
3EL15535746631G,41.17
10TY73717019173I,25.85
10PW32344678470L,0.1
9BV26890234754Y,0.11
5MK98583620761U,2.2
2OX38175313308O,18.95
4EC14274363234V,3.37
1IB42136331511P,31.52
3JP61381169099R,11.82
2JH17980641435L,4.94
7WB47972451513U,4.38
6HX81731722745Z,0.22
7SP48976115615W,1.02
2NL52387992611R,0.55
7YH96427050046C,7.25
5LV44352681872A,10.59
9JJ15991459598F,4.6
1JS94863996360G,6.88
10FM68510762053B,23.62
7AY38938019124L,9.32
6NQ76136762056L,4.27
5EH49879334588O,1.8
4TA90948817718E,38.91
10NB67592250348D,3.32
7QD44988395849K,6.1
4DT61768597218A,55.92
8SE55600699140H,1.39
10JG68869323266S,2.08
6PT59232909616D,18.65
8UY70258985257L,1.97
9JN52714691724P,0.95
6TC79718256715N,2.47
10SV26491295868Z,1.25
6LZ59807075598P,0.62
8TO87426708260Y,1.48
8UZ90647066085O,24.54
1EE38448925380V,53.16
8UD55891418964T,4.34
3YA77896047515T,177.33
7AE66409464412X,5.63
9ZA11943366537D,11.44
9RN46262764383Y,11.9
4FN48148928041E,0.78
6EJ80679767923T,1.47
2RN23140756849Y,7.75
4VP65795613323S,41.35
7PX69320204921R,6.08
9XG24438596233G,18.38
7DR31181110910D,21.04
3XN81105751431C,1.25
7OH29923411769N,0.13
9WL45592834355L,1.03
9HN65250536212P,0.87
4NX91775784941H,1.64
9QS68893373638V,5.61
10FU78680253320V,1.9
7IC77508832385E,1.03
1WO65845031222J,66.33
7HW46635770220J,3.34
5IQ25542676413F,1.79
10OS27822236731Z,7.58
3YE70833459685B,117.07
7MM38001526605O,78.61
6QU85257427059A,3.67
6VB64959008411E,1.53
6AI74533998366I,62.59
10AR31008745250R,12.09
7QN98757366478C,5.54
10CG87629893570R,146.13
5NY13910147177M,3.58
2EN38061613843B,4.04
5HM47205877990Q,27.59
10PT19932134453Q,19.9
3FG92783637529N,388.72
4OU26330407165F,0.49
6DQ91146129787A,9.38
8MV60320775504F,1.65
7GF51311408360Q,586.53
1TK91570097972O,5.5
4CH28134935522T,1.97
10JQ37319839086K,2.22
5QG12394930436W,3.87
2FB72973689800N,8.95
1WC15902794268V,17.69
6HI84119435637J,3.45
2WE61840514761D,8.05
7RV23233960926X,0.71
9PW89454285380H,3.12
3JQ82697167110W,8.54
6IC95058287582E,27.9
6RY26170213127Y,17.43
6LS56608614166F,2.86
9QC33224802119D,0.91
1PH50433169038B,3.74
2AP56519273370I,6.61
7TU51150787345C,11.45
3ZW82352213532T,0.41
5IZ35589041747N,3.6
1VR90450359561B,1.92
8WW91511052540M,34.96
5JB24003619601O,4.8
1QS38134942869H,0.12
6IK34437937684H,2.02
2JR46607498904O,7.84
2CM60593940823A,27.79
10OC66922493857B,1.98
9PS48987681979J,13.11
9FH25791598888D,401.57
6OW45746709445C,4.31
8PO66644564689T,12.59
10CC66408293677I,23.29
4FN15005698926O,13.01
2RA22331214160C,10.88
7BZ67808414879V,15.9
2RY52729281823U,14.13
1TU79424334410P,496.66
2WK53021450674O,0.13
5QP23212787180W,1.04
2XI56513812185N,5.67
3HU22232081232G,133.01
1FV85528633564Y,1.33
5UR12571282019T,9.16
10XF27131726628N,0.25
8KX17241716824P,2.97
5RX56196894154P,1.25
8EL55663595989L,32.92
8FT79028525747U,20.96
4MO19063596305C,2.99
5LJ76855788153M,0.55
7XU45887107588U,3.5
7YM58441034707J,7.18
7LF85233811484F,21.08
10JE57953910202E,15.24
7LF62915425878B,1.22
1NQ90708996524R,68.75
9HJ15422180417H,1.46
4KS40828000843D,9.53
6GM43587754215C,1.72
1EF26744281105R,3.69
6GM31054518956N,3.96
1AO97062654447K,18.64
9CQ16131712292U,10.48
8EM76232246205C,31.47
5YK85165248181W,7.72
3LW65958977990O,53.55
5YY63779338539V,32.46
9VL26418173282S,11.97
8II14234532740H,0.18
9JA70621867176E,2.51
10SV57763403438E,2.48
6HC88422774399F,4.09
5NK46740002576D,18.72
4UC76443797464C,39.7
5HA74929224091E,11.44
2CP68453308284C,1.5
8YG47192504540R,1.73
6SM73124407907W,12.55
6ON51334062282E,2.75
9WO51524690737R,3.2
3BH40635640312H,17.41
4RJ42568719609M,17.88
7HB49116516062T,22.32
4TK42026678536B,1.41
5WI53532629242E,3.19
3XZ61791949738X,19.28
10DF22265777049Z,1.04
5MA78722290851H,10.6
6PI58532958038O,1.56
8FK85054855282B,0.2
5MJ46306932614X,1.94
10WS94524997753N,4.58
9UP13074697373Y,19.45
2RM47930442878C,230.15
4LW93800573174U,3.02
5UY95572846444J,7.3
5BD38106149266V,11.92
8NN48916006398D,1.1
5GA24726544612T,23.72
6FU93303512623X,20.6
9OJ58868410576V,8.01
4FW70665570862D,24.74
4LS90401977296F,11.81
10VC64304364880B,1.63
10JN72622700755M,2.72
9RZ67744318429R,14.03
1UD60654346560H,2.66
8VK33300198565K,16.1
5YD25460224132V,6.84
7PL67464849801O,2.51
10ML53237208029G,3.97
5RW81579522910I,19.46
6BY73508163129T,13.97
4KH30674496113V,41.06
7VV42033725319V,9.52
8DU25965842419D,28.03
3CS89166595235A,59.93
6VK27826075260G,0.26
4VG94294902044V,14.32
2WG91291298929C,4.04
8VU21104823301E,6.66
6WB28589692146T,11.68
10OU56468327943A,5.48
3DH64387986303Q,9.48
4KZ44768740962T,537.0
2XF78909184026J,1.75
8FB82096377941Q,1.17
9TW66066517060G,4.83
3HX65681541065H,2.24
1NV23858571917Q,3.5
10IG99199366751J,8.49
10UL55050498854F,4.3
10YU37273072255X,2.47
7KR16797137109V,18.41
9OA82857112198S,10.91
9GL84801373863Q,5.88
7JK68381228726N,7.85
6VY83366398986T,0.32
7BO49920886039F,1.49
5HT77723934956H,30.91
8HB10273376536H,2.78
8WU42991362179A,1.23
5US20497797933T,2.16
7QE12066145447G,2.41
2QA76146609726R,10.06
9GL69503195718L,9.23
6CK29840935075P,67.7
5JY67997683395K,38.33
8VT45568025709U,0.48
1YP68482384138T,12.37
5WF79943862044I,1.66
5UU11419575448G,29.17
9RE12176547794A,7.59
9RC87161805813U,67.45
2HV74355816181G,2.39
4UY20824991498Z,0.96
10WR40033216293O,25.48
3IT58202090102V,86.98
8DH16223953771P,3.15
1LT53862644713Y,3.3
7ZM73376992251G,22.23
5SO19572208574M,1.2
10DT68198254349P,226.04
2HZ94744591219Q,0.17
4VZ11060122430O,24.88
4KX58793906517L,0.17
5KO87139662121L,2.45
3YQ71924058142M,2.27
3TQ84459698676F,174.98
1MB33762670568F,1.86
9UC27148133382Q,11.68
3RJ53428523342W,1.78
5OU16822655571D,46.21
7CY58593984608X,128.9
8MZ31472198644X,0.19
3JE77264369890K,64.37
3ZN73200266928E,3.77
5WA18900649340F,3.36
10GR59122083507R,1.6
4GU86657726442S,1.06
2OF56091299094N,54.81
1QQ17385595358D,29.18
5YA21205584970J,14.82
4GJ11360888935E,45.26
9EA91056223306N,9.32
5CB50419018302U,15.12
7FM33310007355F,227.34
1EK39763558786L,2.03
5RF24927798893Y,14.44
6IL49208488283O,46.3
9NW96952199485Y,12.6
10ME31481716959K,13.24
8BG24870681571O,0.37
9OG72261472422A,0.13
3TG68363232409N,45.61
7VH76158008268M,0.67
8BR16769680300I,2.15
3LM58282910469P,11.75
3TV34445880972B,6.51
2FN82479509597A,11.31
10VM22156522188K,0.56
8ZR15034729802D,23.18
10AM12449753115C,96.66
1WQ14414736054M,1.24
2EK32102805749D,1.13
6LY89510208465E,45.08
6YO55928798610X,80.98
4NR65491251765L,47.7
6NS58829051506G,18.44
10TM94698177754V,12.57
4AP70189288972Y,9.14
9TO80868925492Y,3.08
6UT68137786640E,31.34
8ED20343440877C,27.95
2PK95084845474O,3.31
3HQ92605590399F,8.26
10QF32078151035Q,4.37
10IM79753835961A,4.62
7AQ79215839248W,68.71
4CW47458015938Y,20.37
7WN76565575055M,145.26
5QE38556428651P,174.64
5AR74427105976C,304.79
8FZ33259536725T,2.9
4XI78316447896S,3.95
5BZ56464938201Q,38.55
9OX77152653458U,1.72
10MK66232719455Q,6.03
9ZF33301722100R,328.73
1JI13124149446T,53.76
5DR87642289716V,1141.14
6EE51758411182B,1.66
2IC69460500878H,75.26
9OW80223064379B,1.09
5EH12162656872K,16.27
8WZ75545160404C,3.44
6XC33800664413Z,7.89
4XX73131770622V,3.3
8WW44828135393H,4.11
1HF66937523511V,10.09
10WG62109645874S,2.01
1GF36571971146A,12.97
7HK59911957054J,249.52
7KZ89835935722S,7.61
5CL80707736830K,16.3
8OW74285210970A,13.23
9WS49983140131X,99.93
4CN57685491849Q,0.25
3UB26487341214L,12.32
3BF25252366924P,5.8
9HK76957891869Y,8.27
7FL84121439463Z,19.38
2RY47421963782X,3.15
6NN63038674528C,41.48
4AS53956563125Y,7.84
7DP74407081467G,14.52
2XC77994917049Z,5.59
2JX82502769992C,42.75
4HC96446218794K,1009.97
8ZR13690555713U,88.41
6FK24492234056F,3.68
7JD51247910410C,114.66
8TV93465621289R,135.88
2MT23106054057E,13.6
6LJ74676529029F,12.3
4UJ64263992858T,3.74
4IG81427534341H,1.89
10VF79822867423P,3.09
2LY58614652489S,40.53
6HG95083946616Y,15.22
10GC30575729874F,1018.65
1EL96240715042Y,1.83
7LF54007884551R,4.29
1RX11362075823L,55.33
9SB93580425330Q,35.15
2NZ31839538411N,95.99
8CB15484627922A,116.42
2BE43000947933U,18.67
5QP69047508113M,439.54
1BW66341037467O,21.0
3AO22593627203Z,20.69
4NV54608060324I,22.65
9DH16841423438N,1.52
2OE61658943118U,2.72
9AB24232571462C,26.4
9TA46464794278R,2.03
9NI21715125029E,0.38
10XI42197405740D,44.93
8MJ80692214799U,7.37
4CR83360521003E,23.65
10WC30001160744F,19.66
10JD91392306964T,4.26
3OE14888987745R,64.5
5HU93706629935Y,137.75
3MI70772677223M,6.37
6RY16192714849P,3.22
7UH39853747260I,15.87
10YV26546964089E,208.28
10LW48382013837U,0.93
7RD62546973334W,29.85
5EX51587702572H,45.47
6KT49025658588R,8.65
8AG44938733501N,9.86
9AG72182818391H,7.43
8RK66902805949S,7.11
8PP58032976821Q,6.63
1SN10881004955O,4.73
4JV80987540979D,10.1
3YS39555055540K,16.57
5AJ32789250157P,61.61
7ID11454081240R,1.66
3UV78206392741V,18.26
8QZ96639861971E,36.78
1TX82650064791O,216.7
4AG67227791535F,12.36
2AM35467610888W,415.19
1AT31554081751J,34.55
6LS48175279375F,1009.95
7JK52919293404H,6.27
6AN71459861656V,1.36
2IO91539051480J,136.66
6KJ49146895628H,16.17
3VB51682816581N,112.74
8ED49507803580R,15.94
4MX52043853042C,0.07
4DH13863412812Q,37.41
5JM25075316978T,0.67
5DT45261095701U,5.87
4CR47318028140K,21.55
5JU17116837407B,46.56
9AT95800299361V,15.07
7GU62519571852C,0.84
9MQ72699715256Q,1138.48
3UP56098959209V,27.42
8OO96755415396Y,3.25
3IZ27711619534N,20.55
2YP46974410945V,22.42
10RK79594605910F,16.68
8JC18431664773K,10.75
5NO69259372158S,2.52
8XY77761187207V,21.39
9MX58590251176L,19.81
4NQ17506261395J,2.6
6UZ31750157398D,1.28
3QP61389032336Q,2.43
6UC92145938619L,29.12
9VA35970828516Z,23.47
4IU52907782959M,1.85
6VM57152034539G,408.47
1JV23406832367N,50.19
6OA89527856379T,0.91
6FX95745512582K,0.38
10DB91951088572W,2.09
10GZ14757718937X,0.78
3QW13609625829D,19.17
2TD95218391177C,22.8
9MU87398573385U,7.6
2UT26960250515N,1.72
7VI70453301631R,7.41
2DO74524707213F,0.15
3NF82662717729S,12.35
5SH14310457762U,61.1
8QG81007624921I,28.01
3II67351248129L,43.22
1WK19207336560Z,69.89
3OM40783143957D,15.55
2ET48209185772E,11.67
9WY18617954298U,0.87
6KA44550384324P,6.89
3AH49187650150C,4.14
3OI13595543191Q,7.07
2WL15356058789U,0.45
10YM91622806389U,16.33
4PQ10721785892N,1059.46
3AX95506425154H,7.27
4HU25947893271L,31.07
6VK25675181425S,16.29
3DH83478318455F,10.11
3JU41271544188F,3.66
3VQ59724885592M,12.99
7TI70683509881N,1.52
4NV69059118323Z,20.13
3RM57624779051H,2.79
7DU57980453504C,0.02
3MK76996573576N,20.25
1CS25886613177Z,9.96
7VT95361647394W,5.35
10RR74995592997P,11.13
1LO25754825611R,2.9
7AM74319847705R,1.63
4MT82586877121F,0.21
1RF35852251884F,11.74
3MN93431215584P,10.16
7FB67554715211W,19.24
2KK12449648159G,6.19
8DC72217008879K,34.17
8YR53729291831B,30.37
10JE51694459767H,0.03
3CH58176945422E,4.41
9SZ13271625296V,13.97
10TV95825359061I,10.67
7LG55417065078W,388.64
7CF95656160724O,23.05
3SZ91594682119D,475.43
3VG60567311018J,49.9
3DW89578429547Z,41.98
8QU24892916629Q,599.5
1NG64639408645M,2.95
3HQ84421379330Z,45.18
10ZW43360473635Q,94.51
1BP99933294630G,0.69
7PE69124208918B,115.1
6EN13070223155G,234.28
6AA17958170114P,44.41
8RG27103712697J,0.45
2AE75543801351K,0.6
10KZ24752066093R,2.51
7TT18529896024H,540.52
7ZM25110543732J,25.64
3AI95063778972T,1.42
10NM13431821607X,171.81
4ZO76058934828V,6.23
6SZ67010579771G,214.06
6JR90333364767M,5.06
1UN45677188555F,58.46
4KN78371079003Y,7.68
5LX59078477090H,699.43
8OO21060268995F,19.15
10YW74182240684X,0.17
5KY75011956884E,751.42
3DB36761211858A,18.89
5ET86815634263B,58.16
2OH23958882976I,115.04
5FL43881835870C,5.7
8IL85903205555M,8.69
8UC55107433881G,123.38
6JP51689202706U,3629.92
3OO41672049720J,30.29
7RY38462823777N,2.06
9HL21239965595S,249.24
4XK61107600534P,1.23
1WF42780785148M,0.0
5ZQ49347198888I,4.89
2ZJ96736919594P,25.98
5MW86334933669D,210.17
6YT65909162601S,1.13
5YB86431145686J,13.1
1YD78115464386V,36.64
1HX85359866033O,0.81
3GU12014838485P,0.45
4FC50606391917G,3.58
3KD35325098069T,90.28
7VF56941636749V,680.65
5YO80546513753H,48.72
8YW47915625066S,269.3
3MM18449313505M,1.8
9UT71901243747N,469.56
7OZ55626855981O,0.15
1QQ87687078729C,35.24
6NK67916119584L,55.17
2GB73332133518O,20.7
7LA46597143213G,27.74
7HR11945143842H,314.09
5OH66003651270M,2.61
4GZ49384108413F,370.87
8OO38441765976J,50.37
5HN66336157059G,37.41
6UT19263635303N,67.05
10CF96624506891T,17.78
10BT23086328419J,25.31
3SK68313966293R,67.78
1RT95510120684I,7.89
6JN28529920890D,10.85
6CY10688375541H,27.9
8BG31100926411V,96.92
9FE75712542994X,59.18
8PI83339621119W,34.94
2QA43032313713I,7.22
1OI74008261583L,240.43
9JE89663354779Y,149.22
10JG94996909866T,8.32
3SZ46026284865V,10.6
1PR21621738945O,28.19
6WQ67337373369O,27.55
5TJ59561127183L,3.86
10IV93704759475H,0.81
10KP50949347206O,45.48
1SO15928211031S,69.85
1LA53410557212W,119.16
10SD38985169064V,115.45
6VV86721685736M,5.51
9XI88421331435S,2.29
6XI98972265102E,1.25
8MU16790427002W,0.62
1ZD18492181984N,0.53
7QK15150143039L,14.38
10IE23971949556T,1.51
5DR61723274716N,7.92
3ZA43170915209S,2.14
9AS41817242295U,8.01
2OB89315027547A,0.32
9QU82982712237Q,4.89
3TM58728367159P,0.29
4MR17600244168L,14.21
7FB90215284353M,0.17
4NW87622737677K,3.02
2WH63490899197K,18.09
6QO23890135268D,30.71
1GA36499955221T,17.39
8NT91856621539M,9.7
8NA73684964804V,1.08
7MN45267619845R,0.7
5CZ93607570131S,6.8
1OL48805972888M,18.89
4MA54358892128V,40.56
5FP64958754932K,2.05
4FV15262749641H,5.47
5UY99917125516E,38.22
5ZJ97945808074F,595.06
8NL89142037521R,1.57
3NH85889048726A,0.32
6AY52645553146K,4.62
10JP51725615771Z,32.15
8GO43380414965A,15.08
2RC69170396195G,30.13
9MQ24768462526D,22.0
3ZM58179559804C,6.53
6SA48406643212N,7.35
8BG24130257108J,73.77
10MK16183368381P,1.22
4RB44157412964Q,3.7
9VA24018396047Q,6.74
9NP29051004539N,1.42
2MV90718181110Q,26.94
3QB59528536529P,1.56
1ZW48758170858I,15.47
1RW19589550311P,23.78
1QD23477265781E,1.29
10KG83762543240A,10.12
5CI17963914552E,7.9
6GD31782485950I,21.68
5IA71115023148Z,3.54
3DT31777750003G,3.61
7QQ67886538742J,1.3
5PP63688676170F,13.1
10VP63835296652A,6.86
6IS99536745347E,2.7
5KM18619459049R,7.82
9AR39078118159B,6.47
5II11212028966X,37.18
10SK67635922101I,24.47
1BN22520107632Z,26.16
7OV71342379054B,4.99
5UK73923472384L,3.7
4JQ42398559602N,2.01
6YY11096332025Y,3.12
3PM92695385697R,7.53
2RV23236945248U,10.86
5SP19864237497T,4.9
1BP12835128761U,2.69
1EA60958330207P,108.78
2XO79631927083R,1.56
2PJ38515079866C,4.15
10KX70570551177B,4.41
3OY53109274800D,221.99
3XG14935781368Q,25.57
4HM85614045556U,2.03
8JM58815278694P,0.23
6CE75559676441E,2.39
1DJ75265962148H,0.19
4BV36617607973K,16.2
1TF10496088754D,9.25
5CQ76681277238V,11.25
10PV58719675351A,4.8
10FY78599734061R,1.61
10PC59329812565N,80.85
3IT52434949050Z,16.13
9IA57296773641Z,1.88
2XO51217831633T,16.03
6WT46189998589K,2.98
1ZK43075425319S,710.42
9QT75990158347K,2.01
1TD31007835037F,36.59
4KJ46518703727U,8.26
9XB94324157201Q,34.83
3WX78797477712R,179.55
5WE54269485993U,7.85
7BO92443428024H,8.85
5LX75132753821S,82.43
3IU95357771913S,80.51
9PN19296481839I,118.65
3VE30482931880H,74.05
10WR71717579685Z,6.63
8ZL30732777840V,58.66
7YH46591745976D,815.06
6NA26114843867V,2.43
3IR29128881488K,12.41
5OL76280449115H,3.41
3NM28498070400R,406.34
10FB60520222626U,10.85
2RW90615850878E,575.97
9YJ22749025762H,0.66
7OL68881689354O,82.79
10YM53355506223V,232.02
4ZV63156244134U,206.94
9CZ79978015461O,19.11
7XX33805131307D,3.03
1DG96733490838O,3050.25
10TR37602489796O,0.37
1FC60343542957E,0.5
3GE98877709253E,0.87
3OH25301531771S,0.76
10AH19339774369W,0.15
4JP10737433157R,1.02
10PK16118799696C,11.28
2NX77941243485H,1.34
10AZ80247500493R,4.96
5OM80250224047E,68.19
7YE77375771642O,8.73
3IW21569895590V,3.39
4DH30309579463G,7.15
10XV18995829395B,6.56
7WT45736152903P,0.12
8TR67736925406B,1.63
7ES44686415248P,15.52
1IK78704255138Y,69.52
10JO44311619461H,0.21
7FD13747491726D,6.76
9TH72586694388S,66.28
1CO81831736903P,7.68
3FN54199441972P,65.81
4BN61649687036W,14.01
5QS21790088523F,1.44
6KH19334625715N,2.63
7YQ52102097389Y,11.02
3FT37274467344U,4.65
7AQ82509808929F,1.24
7UH80266789154Z,25.46
1LT87586892963P,43.87
4BT63239549798S,30.66
9TW77907637445M,1328.04
4CN27833754307E,24.63
7PA36016586127H,1.15
6SE48564575880S,2.15
8DR72489589372P,1.23
7YD89845066919V,1.48
1LJ57038197179E,38.94
10VZ28049578681A,21.89
8AH41089643654X,17.47
6FT20613199988A,1.7
1ID64875605928P,9.56
7MW36570760221S,0.18
3BV32736174297U,1.3
5MB43482565835F,10.87
8TG37456285501N,3.03
4QE17087371259T,1.06
1YG85801556577S,137.31
10NO52714022800Y,0.15
1ZY17319595766Z,2.3
9WI69377299120F,341.7
9MW44970770842A,2.32
4UM39701797513F,5.14
10AM53888972858G,1.44
6HD35188657584U,116.35
4HD26172861435G,9.63
3JN10183224220Y,4.13
9OZ61455003779V,15.11
5WM43993945559E,1.94
5GJ18727891889Y,0.9
8XN46715243884C,6.28
7II10051503962P,0.31
1GD51326578685M,4.19
10LO35657752577M,15.86
10XM83106354783N,38.07
10BL55060753192I,35.34
7IK79026520702L,3.62
7KQ89407371844O,15.25
9PK41791986573M,34.97
8NU72949397711I,69.22
4ZH72972921521W,0.98
9AY31498573029G,15.98
1EQ69698687774S,120.26
9ZU88103386694F,30.0
10JR93643516244J,139.51
9NK48235172752U,12.48
10SD29283198668Y,8.24
6QE80376150498Q,106.63
6TR37026246737L,0.59
1IV51087488610N,16.52
1FC32488712902B,22.99
8ZU90188539126X,7.42
1YM69823410967I,5.39
9MN97802897937J,72.83
8RI77828260454Q,5.18
6PN43457589682V,11.21
10MZ23999099681R,2.69
4OH41826989785C,23.35
4VX23354447824G,481.69
4TT93610072017K,0.27
3MI48236905693L,11.63
9AA54822516006X,14.96
10TI44405233650T,2.98
2DI82705962533H,6.45
8ZV17838378270O,46.23
10YQ92017028871A,9.04
3WP27376157197E,16.1
5YE16107812504G,5.39
8AM40374685154C,1.11
7HM77153167755X,0.13
9MX65875030939W,51.05
9MT95884944189G,0.48
3BB88204320766T,20.54
4HZ67112097278Q,81.11
3FS95047453532C,25.69
10IG14500727594O,0.43
2ZM82249442759S,0.29
3NL92712955002A,2.68
5EH64098960604B,0.49
3GQ28387668271J,27.96
5NX99112990803P,158.11
7VT78273774675U,29.49
10AF84028259471J,32.51
6LM12001800476F,24.05
6LP73340005198Q,122.23
5PE44989585910F,256.22
7AQ95583592108E,14.71
9XT36029830400T,0.79
8RS97030062969J,28.96
5UY92890820690V,54.67
6ZQ19252994764K,3.37
3JH22254579399S,4.76
3HY72118311392J,2.39
10ZV17119521483A,126.93
10ZQ82028048424G,3.56
1DF91986478217Y,0.89
10TN17620108301H,166.82
1HK66471228864J,36.21
1CP94192769864Z,13.55
5KS82673238058H,20.88
7KN25405208397W,72.67
5ML58870307687I,117.84
10SK62330571386L,36.76
3ZI69028104406Y,102.24
4UQ91524802140V,0.14
10PO33561310004K,70.49
10KN41271205450V,68.48
2OP23827281340V,18.86
8NH30853266776T,15.33
9GF72077148291B,323.52
10LH17634368553Z,160.73
8JV79899254733C,0.11
9ML73032430299S,18.84
8TE34563092549O,9.42
2GG58177096163I,299.69
10XP57233126038S,0.93
7IH33069530817C,227.68
6VI58219090097L,147.12
10PG80972697326B,2.3
5UQ91418376257E,7.17
4KK65428091376O,5.23
3WF69554907538W,0.37
7LD49346562371S,10.77
2ID39370333905H,4.59
5NY86609655671H,39.28
5CY75515184316Q,24.87
10DB97258039488O,83.63
1YX93874380696W,85.33
8SG20184672640M,42.93
8ZK13823088801O,23.12
3UO55256501451C,0.43
5JB11324235403F,0.36
6DK39096361174H,787.7
7CZ31467403090W,3.11
1OU28790501682T,82.76
5OL76375925492M,1.86
5DX64034771194I,10.35
4TG49355120466G,71.9
5LT76629981123S,3.86
3IR34636048611I,150.8
10PG20994916144A,1.44
2KE18218569010M,61.3
1MY46619296394B,119.29
2DC76431674547T,31.2
10RK65567019491I,11.24
1KL30292975435X,10.43
2YH43783157504Q,157.37
4WJ11965529135D,90.81
4WQ46776762824E,9.72
4BA84884894485P,66.25
1PZ98905765080Z,12.13
4VH79267300176C,0.25
10UU83233832953K,16.97
1LV32505918317D,174.26
7VV49709661654L,6.1
2PJ39932683988Z,6.77
3AT81475807944D,3.95
3DY64726269053Y,797.51
6RP34626912648Q,18.69
7YI12469530707V,2.39
10LC75738006482K,0.24
4OB39817716247K,3.93
2OV23745640188B,2.78
7KA43365513948C,2.17
10RD99932338196Z,762.43
6HF36378380234W,11.04
2JM45932370959K,49.88
4WQ32654088519Y,15.34
3CF10361763303V,18.59
3JY18357529087O,26.39
2XG94260642108A,110.63
4KW49732519096D,11.95
7CF70612869315O,28.44
2YJ11282793747Y,11.77
3CB50059082690C,0.12
1AZ56284918414C,24.43
4RV35778398246L,22.69
6QK78882822026C,9.07
4VZ47634973629U,3.1
2IJ65042804892S,25.55
8WR91235568345Q,10.67
1PL34950442836N,9.59
6VT93515506945H,8.25
5AV32775607317I,25.72
8IW75862565026J,3.93
5JS47406488236Y,49.36
5JG55395383530R,56.93
1TZ96805020337G,21.86
3RI72402934347J,19.28
5IY67479487508F,2.21
9OY51632586739M,8.59
10YT17508815132C,8.51
1DU82016744349T,0.64
5NE41665707927G,1.7
1UF61058537652N,5.98
2IY95860838555I,3.64
4ZV55198230901Q,6.69
10RO11515568407F,21.52
1EV46613883022J,1.76
8JO13469233160L,23.69
6UY71840242774V,1.88
2BX70837018441R,2.52
8WJ54277734892Q,33.74
1LD74254949638W,8.29
8NV20714071523C,11.34
8WT73637379731K,149.1
10BI12889780986E,41.82
3ST93914269143T,2.15
1TK35499310558F,2.17
1LS46315160616F,2.52
4GV88166680490O,44.89
2EJ11365378265D,157.66
10WO81438277218G,179.73
5GF95117528966V,211.78
8CF16568178819O,55.67
6UH93709170657Z,9.27
1JP41893353971L,70.28
2CH49429718267D,48.26
1ZP47609928938K,417.99
2YQ18395241846T,222.74
5NN83015819258E,19.35
4DG64663590365L,23.42
6MG42999619721A,96.12
5YD12689270388Z,25.18
6PF91543495321N,0.16
6CN52508738144Y,45.64
1EM62881652095E,79.38
9RT58858119793S,0.13
4WJ40608468686S,2.75
8GP89592237424K,532.17
1DK89978918072Z,5.36
10KL78892852892B,463.62
6DS91039970944Y,1.47
7AQ67365368979W,11.29
9QU59769510492L,24.09
5VI16347463458T,5.35
3CO48601975688O,458.68
9KP67041302651T,5.58
2BR21787962253U,2.23
4RB91558922334Q,210.14
2XJ10708553284V,425.55
4XE20963340087Z,53.74
8UB47052610429V,6.01
4QK13862527104K,7.19
10TP45068009325W,261.57
6ZN31148399354B,126.72
10CZ41207068176C,88.88
3OW21418361737U,8.14
4VA18961074308I,8.59
5RJ22578866855L,4.22
2SX55749375939K,55.22
10QX37987446586J,41.66
4ZQ69786797109F,326.12
5QW82309350870U,14.19
5SK45336721698L,9.38
4SV52361968606J,261.4
3DO34178722436X,29.43
9SF61826816519Q,3.6
8RX26895554390Q,363.24
3FJ13199103399W,0.18
10SD57041559448T,2.81
8TH18302537757F,30.56
8XK24712328965V,9.22
7IO92429229880O,196.53
3MH12606268777M,22.56
9CW48535401570G,16.08
5RX87169795149S,17.45
5AL33887430732T,2.87
8ZA99115632019Z,16.41
5DI50532857859K,1.7
4WP42565554513R,3.55
7YZ75691437971H,0.45
4VQ29579373186Y,6.85
1GX80685281687S,1.39
3IR10267803935Y,14.27
7QQ19409147027A,35.37
5UY19478051831O,50.04
3IU31689219311O,36.66
9QF91357563830X,17.78
8OG25034433563P,6.33
5DF84753149924T,3.47
6YX19248708808D,30.45
7GA95290903872T,0.29
4ZH25137767353K,523.76
3YC38033944360L,509.73
10WQ37096980389H,7.66
8HB64942546873T,0.8
3WO40006574562L,179.36
3IJ46515019227T,5.13
10XD82255200447C,1.81
7ES13648565668T,4.33
3FK40031099586L,11.49
6EQ34433169925B,19.15
10UV94067646641Y,34.74
1ZH44909801018J,24.77
4XV96205740549Y,11.51
4RK68512032606G,1.49
2DP37559781345E,0.91
7CD81997197928G,42.16
6XU10652021665C,21.09
6ST60934683610A,8.08
6BL67831680204K,32.54
2GO68366976555U,81.36
2BB60562108245N,135.14
1RN19397279877R,90.66
10BG88479712102X,43.89
8YB27104137435R,1.78
3NP97115887867Z,178.59
7KL49843857364M,35.81
9RB63970775504T,51.61
3IM70031949643U,73.26
7KD81528100126Q,6.71
8UE26638903088J,0.21
8EU95132524221S,71.8
6PN70454350845R,35.41
6SU82347786255I,25.06
5TN18457781947W,2.55
9OH62374992862A,14.65
7TG64133974315Q,0.37
10SG29518148185L,165.85
3OH30766237429G,20.83
7DQ54254297714Z,5.89
6BW91579753768G,1.18
10AW17271458632I,2.32
4DK81038785761T,47.28
8KO25187220122J,20.89
7SG81282643261J,2.53
3DV75610179248Q,81.53
9XX47362046755Q,1.06
4RK59215489916K,14.32
3GY26181658937C,194.67
8PJ38969460492N,1.76
4FH35414034031L,8.52
7WE80659175018O,4.45
7AH42256021894P,4.12
1ON98504525203E,2.23
6IH92990408750K,7.74
6WR14191135064S,8.7
9PZ61387698803Y,9.68
1LO66294265277A,19.56
3FG84847825621Z,2.3
10FI47271034623N,9.33
1LN27604256725U,0.41
9XG44706261639B,7.13
3PF71826689415K,0.07
9IE73890175588C,8.13
3WX47929224969R,4.48
5RO46149981450N,82.95
7MR86737402921A,9.45
4EH84671633225L,20.64
1VF23842695007R,13.77
3IC11024551175I,6304.41
10LS59626510020Z,231.37
9HG27553132496V,117.26
3FC11935384072A,7.11
7BL59903624322H,7.63
5LR55880291255Q,10.64
3EK36261472290B,32.08
6KI14153418178Q,51.58
4TJ51277620095L,339.07
9QI50377790908F,33.45
7LT19244514869A,59.59
4QH64795182038D,4.2
10VB51211941596U,122.39
4LQ10008583020A,1.55
1MR77923875250U,3.84
4KS38937919817Z,18.06
6NL71750005565R,2.29
1FM92523453410W,1.13
9VP54609473640A,4.41
5RA72517118304P,0.72
3PY52771899670G,55.31
1VJ85588072071K,1.04
1CI10066018165D,12.68
3RV12496935101I,10.39
9CP45031323856P,576.93
8IG97467435720F,18.99
4QJ56433529106T,3.05
7AU49032384584C,8.56
9DL87513975913U,3.01
7FT20974684607G,5.04
9PD15954915230J,210.0
7EL63181438382A,22.01
2AD17807387855L,9.2
5VJ88598971149P,5.16
9TG61719674939Y,1.26
9PE32277078670V,16.39
9JD46307626102G,5.39
6WH96033975755W,2.06
7SF10816590918O,1.19
4NM94377039663S,1.38
10TQ89082108655Q,30.23
2FK13943040471M,3.86
2TR70239870027B,0.85
8CZ34941618333R,5.86
1NT25925066063V,5.69
9OZ48240359759N,48.26
4FM96457965182O,88.18
10MY88217293532S,158.7
9XO18657639171F,67.06
10KJ22802820061R,0.84
8OA67686408921L,13.21
3MC44686076359O,30.56
9MY88434232899J,0.46
3RC78728181320M,18.47
1XL10199561224K,2.19
8GN84310021510Y,1.7
6AU55044838550V,0.36
8MC16057311487Q,1.97
2DL20279237089P,3.75
10VT59937229755Z,42.72
10ST52771910233D,7.41
4SA36199946535E,24.91
2GE29991843191B,16.57
9JR55961291754I,2.83
1FC94241179506H,2.4
1RP36835917529S,12.51
2MZ25020436304R,4.04
8VJ49445854191M,23.12
3WU94457043413A,8.61
5PX41230039586E,1.28
10ZC70707889132X,19.14
8UW63424515200U,28.3
3QD88036899245F,10.84
9DS44339337138H,34.71
8NW57158930954Q,12.19
2KK11049304314R,18.16
3VK44307139632L,4.68
1GE17344698390N,7.07
3VC91444379660W,3.42
7IO85902008678M,5.09
3EK13060574757Y,3.05
4BU63067365996G,12.3
6GK32883327723X,58.01
6EX40305017912L,10.49
4TW66693625204S,5.23
7NZ19584091708D,1.07
5XU31789144830J,7.5
9GW56799654999O,1169.78
7OY68995030904C,7.15
6HR62549139722X,31.71
2ZX69557564434A,2.92
4EE85355888398J,1.33
10RL16644136385X,2.62
4YK45502067372C,0.06
9KQ12667071723X,1.03
10XD20991828425B,0.32
3UL40520052966Z,1.64
6FL80325508340H,19.34
7MP56001926793B,13.44
8RY82506246990S,0.05
5PY16113187246S,181.49
10WZ83128818396T,1961.27
3LX49571815087K,3.05
5CJ18953087253Q,3.03
7CV94667164057L,11.8
3HQ15428216783D,1.24
7WB26557030954T,10.32
7QX20477631717Z,1.5
6TC18337032209L,170.63
10CX12349058986K,3.16
5SZ31571669785W,13.14
2CQ23072903206U,31.21
4PY18751157412V,42.19
4DV25512396190J,2.47
2YI26488446448S,8.1
7VG44362817474H,0.28
3DL14050229020M,67.5
5CL10018784334Z,78.27
5RO83024697117J,2.84
3SI87350225498F,18.03
10EC10482494252M,56.98
7NY82216984901H,8.19
8XY69316386502U,122.23
5DF18494325042U,313.83
9GM67847274051J,4.36
3XS94428026679S,2.59
10VJ26626506242O,2.15
8MA55034566703U,175.35
1YD67696042978O,13.17
6NV22023148132P,14.75
5MV30517419415P,3.68
10EU42435813897E,1.53
7PK82742312286V,121.8
7DU99462413429Q,113.1
7CO28251290401O,65.48
2NG36096778068M,139.71
10BY65916743924L,0.76
3NH47772035493H,8.38
2RF34470630331S,2.79
7ER56548732140F,1.71
2IV51908496695L,3.11
1HZ97371829257P,22.27
7YM50876854935R,19.75
10VS41686785267S,0.62
7NN57753691974M,2.68
5TK53291478775P,23.72
2SA26427116820T,64.86
4LW89911054266C,15.12
4ED91929251248T,0.83
7WT89144868959C,9.71
3OP36491755123Q,1.17
4TC59478181869O,104.58
8UP54663148332L,68.34
5QB22786492027R,3.78
6TM66838009208D,4.09
3ZA21634307273F,54.2
8RF56799670283H,7.11
6FR46965663208B,27.02
6NV20548645166V,71.9
10KI56527471039F,2.55
3DV62505720536L,2.7
10BU27393530593H,2.33
9BF94325952763K,30.32
6TY71755721976Q,31.9
10CJ59596711038X,9.19
7HB13274473178G,7.6
10RE72913580989X,10.53
8VF84121855465L,8.62
5LG39102918427O,214.59
8HW78860325218A,160.69
5ML51965848422X,27.86
4MA83285075290D,310.13
6SQ61915087510P,2.25
2AT24111880713K,92.96
3TI69105051682P,67.86
7HQ46517750390T,15.77
4ON62847480404T,6.74
9DT99168595481T,3.39
5MP20998562326X,12.61
4GR39079660894Q,24.41
4LQ48554085466A,88.9
3XP36010962382F,10.11
2BF38668539536Y,86.82
3ES60974605160Z,1.25
9IC91039281545B,17.43
8IV30633179319R,9.75
6KG71168160692D,8.52
9AY57154281948F,368.55
1WX51820184514O,4.06
5WL60658867213R,2.11
1VU55049496109B,73.17
1XS50656500510Z,1.89
8XB90283414485E,5.07
10KD42479842086F,15.85
3HE12266320891G,88.88
10MN22181384090Y,3.93
6JT46604744320A,17.09
7MQ21230541565K,33.18
5UW77627789180Q,27.02
4MQ97665555983W,56.56
5HU92151039086H,41.39
1GC86811491179G,106.72
9SS99095601715N,2.34
10II32417452919N,45.57
6HP13070576998Z,2.23
4ZS67996075845M,812.96
10PO64017094205J,15.39
7CS42649474448N,32.89
5XS31258812752W,5.12
4YW48266568097V,133.71
2YY10961126184B,41.25
3CR31261169017V,20.98
4NQ97355411547Y,0.88
9PD34515892213Q,12.55
8PT52501847490M,15.12
5EE23945351507K,4.73
2FT38797510067O,11.83
7WC49904265011Y,3.52
5ZE68940307447B,0.02
9RA47826716943V,4.73
4FM63363935833D,0.38
6LX81996842708G,0.58
6UO61634214296M,9.26
1YC26934924063J,0.45
5EK98244905585J,6.88
5VH18727896647X,57.16
9YC43409672241K,15.28
3LN37281477837W,22.88
9LM42518943990L,2.79
8DX52881662318G,6.44
9KE53052732141J,36.77
6QQ43376468442W,173.75
9BJ41280467994V,788.29
9VR17298582412V,1.24
2ME74026486154J,1.02
5AT73743132229A,134.68
6XV96535647662Y,65.72
1SJ12721858811B,136.73
4BQ88281797905B,0.2
10BW57683988940Y,78.89
9OZ66308747672V,30.28
7HM29462363327E,1.5
2GR50973062712G,18.3
3UG45168297848L,78.17
9HQ95411432027G,4.14
10JH38199547607E,13.47
4LW96482192409M,13.88
9DX49671794699E,50.82
8OU23775045577B,0.1
5LN52474366234C,36.94
5CN71969638718Q,86.68
1CS66781579168V,250.4
5CC31362790413W,342.99
5MD69712660861P,18.2
8XN29354169900G,2.61
3XN24195785697Q,66.03
8TR35748801742Z,30.85
4HX25550411405K,0.21
6LV74093217709S,338.63
10LT48463510493N,8.65
5RT30926928430R,213.13
4FI43606241634D,7503.89
7FH42803048694D,452.24
6OJ19216377563D,2.05
8AH85999262379T,4.53
4HU39076009534X,1.01
3ZA48733676493E,40.05
6CV33392641608P,570.48
9HU40861502180N,152.96
9LG98507577781V,1.71
1SR12806427770H,291.85
2VP85773143460R,0.29
4UF23042668091J,1.81
3NW17077103128A,1.08
4MM79552119213X,10.23
10XA42154049598L,57.75
6HI61085333504I,277.6
7TM77520628106I,2.49
6QX44741861194Y,6.82
7OB92704796930R,42.22
10JY97724208717P,1017.44
1CK58745838068Q,3.86
1JC85151927059C,83.41
7DM79859361758I,54.06
8FV17468591954Y,389.33
5NT65826146379I,10.25
10NA41619505890K,11.0
1EK62947428108E,4.96
2OO82028169298J,0.41
6JD68203894426B,39.6
7TJ93886456934S,5.32
5SA71748958587R,4.94
8BQ57211430701T,3.68
10WP90197008868K,5.81
6QU46538093174C,9.8
1VX46761946849T,0.83
4XB82174432502F,4.79
9BE96594916038P,0.29
1AR49442690403N,33.92
5QP40320315840E,2.92
10PI50156538924U,0.54
6II63703752525G,3.19
2WT35552134454X,992.57
6HB63982600262Q,11.99
5NV34264809927N,10.58
4SD86800921959B,29.79
9KC43979744755F,1.54
8SB57799896096S,25.36
10RT51647935695P,111.04
2MF25411994884C,20.14
10DS45896811209G,0.05
3SH70168084259C,6.77
3UM56026135737W,3.05
7GM68633252376Y,1.22
7NG34397384501M,0.75
4NO35935801650X,8.94
4UM40654228522U,267.86
3QT40037957308F,10.92
9PH82458017410W,20.74
4VY65271052531R,127.28
7DV89920463695N,78.63
3FD57708289427X,1.53
3GA55228859746N,4.69
8BM22197733780J,23.38
7ET14701568892K,4.22
2BI64479246991W,16.99
5AV71346323152C,6.0
9ZT99022800957X,580.04
4OY66417865550J,11.84
7HH19177059450Q,1.51
1AO51912297813G,1.33
9NZ77230975658V,128.38
4AI10678659437U,8.13
1PI78991625168A,12.41
4KC31226230048A,25.16
8JG62712033602N,2.29
2BZ54559036728T,0.02
1ZN65039779693V,22.48
5WM96524970837Z,0.08
4UX78364978086G,1.45
7HF57542128798R,7.48
1NA91470861102G,16.73
2HY97085982893I,0.62
1RL82484233666K,4.91
6KX28747917497N,37.4
9HY88341049558N,44.8
5QA50230774109Z,10.04
5MB83588155490O,25.35
9PW39902957491F,3.41
7FM94477831674K,0.58
10QR90366518415J,275.94
1WI76326335572E,8.94
7XW78413082153J,3.48
4NL34910131976V,7.19
4NL50464765846J,6.76
10TG19927844649D,114.9
8LP64047745668R,3.69
10KM58621384818I,0.62
9VE56006649980Y,16.4
3EP20419217553H,14.83
9ZA60758961120X,11.56
9KQ56830669959M,68.33
4OU53044796363T,13.03
10TE24642595742P,50.17
9SH56658260081M,1.36
2LQ22492979247V,8.07
5MU33176290314O,1.13
9ZA97853471928O,70.01
1TY67989103117J,4.12
10AF14431423444E,0.96
9VS61198047633K,22.55
2IQ25763576929D,3.14
3SQ17942185205T,20.37
7QO41184619999N,0.53
5NR79838957086I,16.33
8DT91035527539F,16.06
9IK27120460454Q,91.57
1EE77922181920Z,5.11
5BJ51593666372G,11.13
4HS32142187055A,38.03
2YO74882461118C,1.01
3ZN61238349068D,5.07
6CW52631732511K,30.09
4UL88410862254W,10.71
1HR89831206206D,0.69
10JI75560824430E,30.29
4II71651223032I,107.85
3MP74272988882L,14.55
4WF13353096175K,1.26
7BI39321219505O,15.28
10KO65132753123X,39.27
5EB88281062118F,19.77
6ZW49770161913S,17.4
5ZI82681707221Y,14.89
8XT91126211161D,28.7
4BE94168235432G,31.71
4MZ79708430362X,0.79
4JZ31746580048W,478.74
8OH60350167487Q,9.64
6EX81707073411N,6.65
2CI36453967026C,24.2
1DH43875610375B,12.62
8GJ53096625119F,12.44
3WX81404313280U,29.08
10YT82889481521Q,448.69
7HX82317843392L,11.23
5XT82507327728Q,32.31
7XL88691702048T,15.55
6GH60398512442K,147.84
3SO16212794251P,7.41
9QG90729483465A,0.03
5QP56414677207I,261.68
8AA17019339527H,2.92
7CI62448838289B,74.12
2SX11765368076Q,14.78
2KU26501400321D,51.98
6KM41112566157E,61.83
3PS78880360806O,4.63
5WS60884451880I,13.06
9SM84611907493Z,4.07
6ZR78796481991W,48.35
9YV38585812224A,188.0
8AC53364645414D,26.35
5BM93913729633M,19.31
1YN66573414879H,5.01
6MP89532870781N,8.94
5BG22652074342J,17.72
10VS54454997223W,14.83
5AI55976670513J,182.84
5LH63702601518X,0.38
3FP21682516046Z,88.95
8FG70474404999W,8.42
7LM44447371462I,31.57
4TJ60458153035Q,23.8
10EX89805272087Z,24.26
8BF27011331521E,75.66
6NX54833614560P,5.86
7EY56826468096O,0.24
9DC18551031296A,2.97
6UD37655467212V,17.54
2YB34612793316X,190.61
9LN85064931141R,54.54
2OL40335923555X,1101.62
10GU69438587461I,87.95
7ZV68739357446B,0.31
7CX70226555411U,59.81
9RZ35196760024Q,2.46
4BV58571520240M,10.59
3YG68343239324Q,777.38
7XH34129610235Y,2.86
2ZN97957222687C,3.34
3GX10480940021W,79.13
10KH79633067025U,53.23
6LS59987994641C,79.55
10AY59065894900M,107.19
5EV44964512225M,43.06
2KL66709613198B,32.55
4DN94228919495Q,176.32
9YU92338619859D,182.15
7JW69196843553B,1048.09
1BL48599197774B,0.18
2JO63361935895R,2.15
4KZ59214332135Y,90.55
7PP50528377931X,0.33
4HK84429045889C,3.71
3MO14330148255O,14.82
2AZ30338330106S,21.85
2XK74083182512I,54.83
3ON51543254656L,9.32
6CO82219283704A,34.28
2DX63930719779R,86.47
6BN13667391607R,4.1
8SF60337873719N,114.84
10TS78017749664I,72.17
7WH14459335046Q,4.3
3WF24352730674Z,38.79
5FF79816207581H,1.76
6GY27295556185N,1.05
5XF27244625425K,7.43
1PY74212562624I,215.98
10TE56709595194Y,17.72
8ZB79262431278O,33.77
5XA92062645361K,0.27
8VV80520068428W,2.27
2GM17982442979R,2.48
2IU11804013656H,14.51
10WI69895657735V,4.07
2BX26124130613J,1.32
9JO79804924958Y,6.0
5EG10152594072M,2.93
8NB52969118234M,19.33
1BF86973562032F,9.4
4JP16788617966W,5.95
4GK28212745684T,421.17
10WI67041043466C,124.51
8PJ59513461881P,4.22
2WC24555680582S,1.15
3XP61478633579S,5.18
5XJ25816001197S,75.55
4JQ23913429254I,48.64
2HS63150567883K,3.42
10FO93321674812Q,58.43
5IE67346268699F,0.6
8ZK89094794664M,10.38
9CY64129995307W,118.25
6GZ99276801287B,50.98
8DH86297460434M,6764.23
3DP38243796197N,2.36
10KB74801784858Q,27.89
1HF94051432058B,362.95
9QV22573791125N,2.27
7PB36593064036M,173.25
2TR63734535247D,32.96
5HN56297756265R,32.76
9KV86609947438F,18.27
5WK82341820232G,14.42
5RJ76901476670B,76.36
2AH53346521680R,58.25
5QS99124609506G,23.4
5VD82802061692Y,722.36
1RO26829961089V,11.2
4YJ95401385146L,8.66
1PI64087771329Q,80.46
3JG83318404058S,25.98
2XZ97155371566V,101.3
10HO74724370628Q,8.28
10PK61588230309E,1.6
1KO40888160001G,5.18
7TL74953081436T,16.83
3ES15764741537A,3.19
9UU53476047017R,75.33
5GG87613770956C,2.56
9IP84464372895M,0.88
10RW34352929275N,2.64
3MW43821526649N,14.59
5CA29037927273O,771.37
8US23876011140N,5.9
2XJ34579299831I,52.85
10GV68925463530M,61.09
4ZG54692646566Z,66.06
9KH22423065557S,1.66
4LT18881819419D,7.82
6YC44110516631E,0.94
2FL36309534543B,35.12
3OV74034011925G,2832.43
6XO28038743651A,742.73
